Council,No_Of_Connections,Month,Year,Type
Carlow,70,January,2006,County
Cavan,149,January,2006,County
Clare,171,January,2006,County
Cork,588,January,2006,County
Donegal,285,January,2006,County
Dun Laoghaire,241,January,2006,County
Fingal,305,January,2006,County
Galway,324,January,2006,County
Kerry,226,January,2006,County
Kildare,413,January,2006,County
Kilkenny,128,January,2006,County
Laois,234,January,2006,County
Leitrim,153,January,2006,County
Limerick,149,January,2006,County
Longford,89,January,2006,County
Louth,117,January,2006,County
Mayo,253,January,2006,County
Meath,313,January,2006,County
Monaghan,107,January,2006,County
North Tipperary,96,January,2006,County
Offaly,91,January,2006,County
Roscommon,162,January,2006,County
Sligo,155,January,2006,County
South Dublin,562,January,2006,County
South Tipperary,85,January,2006,County
Waterford,78,January,2006,County
Westmeath,132,January,2006,County
Wexford,183,January,2006,County
Carlow,81,February,2006,County
Cavan,208,February,2006,County
Clare,251,February,2006,County
Cork,615,February,2006,County
Donegal,450,February,2006,County
Dun Laoghaire,172,February,2006,County
Fingal,566,February,2006,County
Galway,404,February,2006,County
Kerry,259,February,2006,County
Kildare,335,February,2006,County
Kilkenny,122,February,2006,County
Laois,214,February,2006,County
Leitrim,86,February,2006,County
Limerick,137,February,2006,County
Longford,91,February,2006,County
Louth,164,February,2006,County
Mayo,186,February,2006,County
Meath,312,February,2006,County
Monaghan,95,February,2006,County
North Tipperary,111,February,2006,County
Offaly,176,February,2006,County
Roscommon,160,February,2006,County
Sligo,125,February,2006,County
South Dublin,219,February,2006,County
South Tipperary,132,February,2006,County
Waterford,126,February,2006,County
Westmeath,147,February,2006,County
Wexford,236,February,2006,County
Carlow,113,March,2006,County
Cavan,197,March,2006,County
Clare,264,March,2006,County
Cork,676,March,2006,County
Donegal,342,March,2006,County
Dun Laoghaire,260,March,2006,County
Fingal,550,March,2006,County
Galway,400,March,2006,County
Kerry,260,March,2006,County
Kildare,335,March,2006,County
Kilkenny,119,March,2006,County
Laois,111,March,2006,County
Leitrim,160,March,2006,County
Limerick,146,March,2006,County
Longford,83,March,2006,County
Louth,131,March,2006,County
Mayo,335,March,2006,County
Meath,286,March,2006,County
Monaghan,129,March,2006,County
North Tipperary,144,March,2006,County
Offaly,109,March,2006,County
Roscommon,237,March,2006,County
Sligo,233,March,2006,County
South Dublin,317,March,2006,County
South Tipperary,109,March,2006,County
Waterford,136,March,2006,County
Westmeath,140,March,2006,County
Wexford,276,March,2006,County
Carlow,56,April,2006,County
Cavan,261,April,2006,County
Clare,200,April,2006,County
Cork,554,April,2006,County
Donegal,217,April,2006,County
Dun Laoghaire,138,April,2006,County
Fingal,481,April,2006,County
Galway,348,April,2006,County
Kerry,248,April,2006,County
Kildare,363,April,2006,County
Kilkenny,125,April,2006,County
Laois,151,April,2006,County
Leitrim,122,April,2006,County
Limerick,204,April,2006,County
Longford,144,April,2006,County
Louth,130,April,2006,County
Mayo,234,April,2006,County
Meath,257,April,2006,County
Monaghan,220,April,2006,County
North Tipperary,64,April,2006,County
Offaly,102,April,2006,County
Roscommon,134,April,2006,County
Sligo,170,April,2006,County
South Dublin,181,April,2006,County
South Tipperary,120,April,2006,County
Waterford,123,April,2006,County
Westmeath,116,April,2006,County
Wexford,337,April,2006,County
Carlow,97,May,2006,County
Cavan,201,May,2006,County
Clare,242,May,2006,County
Cork,702,May,2006,County
Donegal,365,May,2006,County
Dun Laoghaire,251,May,2006,County
Fingal,484,May,2006,County
Galway,307,May,2006,County
Kerry,247,May,2006,County
Kildare,476,May,2006,County
Kilkenny,154,May,2006,County
Laois,169,May,2006,County
Leitrim,99,May,2006,County
Limerick,170,May,2006,County
Longford,90,May,2006,County
Louth,233,May,2006,County
Mayo,194,May,2006,County
Meath,414,May,2006,County
Monaghan,103,May,2006,County
North Tipperary,88,May,2006,County
Offaly,110,May,2006,County
Roscommon,195,May,2006,County
Sligo,191,May,2006,County
South Dublin,271,May,2006,County
South Tipperary,113,May,2006,County
Waterford,157,May,2006,County
Westmeath,147,May,2006,County
Wexford,388,May,2006,County
Carlow,125,June,2006,County
Cavan,248,June,2006,County
Clare,324,June,2006,County
Cork,602,June,2006,County
Donegal,439,June,2006,County
Dun Laoghaire,278,June,2006,County
Fingal,399,June,2006,County
Galway,368,June,2006,County
Kerry,417,June,2006,County
Kildare,370,June,2006,County
Kilkenny,114,June,2006,County
Laois,176,June,2006,County
Leitrim,194,June,2006,County
Limerick,196,June,2006,County
Longford,83,June,2006,County
Louth,168,June,2006,County
Mayo,230,June,2006,County
Meath,337,June,2006,County
Monaghan,101,June,2006,County
North Tipperary,148,June,2006,County
Offaly,106,June,2006,County
Roscommon,162,June,2006,County
Sligo,158,June,2006,County
South Dublin,356,June,2006,County
South Tipperary,107,June,2006,County
Waterford,117,June,2006,County
Westmeath,138,June,2006,County
Wexford,217,June,2006,County
Carlow,158,July,2006,County
Cavan,308,July,2006,County
Clare,195,July,2006,County
Cork,702,July,2006,County
Donegal,350,July,2006,County
Dun Laoghaire,134,July,2006,County
Fingal,488,July,2006,County
Galway,470,July,2006,County
Kerry,375,July,2006,County
Kildare,510,July,2006,County
Kilkenny,111,July,2006,County
Laois,168,July,2006,County
Leitrim,130,July,2006,County
Limerick,253,July,2006,County
Longford,85,July,2006,County
Louth,279,July,2006,County
Mayo,273,July,2006,County
Meath,311,July,2006,County
Monaghan,75,July,2006,County
North Tipperary,121,July,2006,County
Offaly,108,July,2006,County
Roscommon,144,July,2006,County
Sligo,209,July,2006,County
South Dublin,158,July,2006,County
South Tipperary,118,July,2006,County
Waterford,143,July,2006,County
Westmeath,120,July,2006,County
Wexford,333,July,2006,County
Carlow,141,August,2006,County
Cavan,199,August,2006,County
Clare,164,August,2006,County
Cork,592,August,2006,County
Donegal,276,August,2006,County
Dun Laoghaire,329,August,2006,County
Fingal,385,August,2006,County
Galway,274,August,2006,County
Kerry,343,August,2006,County
Kildare,281,August,2006,County
Kilkenny,167,August,2006,County
Laois,141,August,2006,County
Leitrim,54,August,2006,County
Limerick,197,August,2006,County
Longford,57,August,2006,County
Louth,207,August,2006,County
Mayo,215,August,2006,County
Meath,196,August,2006,County
Monaghan,92,August,2006,County
North Tipperary,80,August,2006,County
Offaly,85,August,2006,County
Roscommon,153,August,2006,County
Sligo,121,August,2006,County
South Dublin,262,August,2006,County
South Tipperary,166,August,2006,County
Waterford,79,August,2006,County
Westmeath,107,August,2006,County
Wexford,245,August,2006,County
Carlow,96,September,2006,County
Cavan,237,September,2006,County
Clare,155,September,2006,County
Cork,630,September,2006,County
Donegal,328,September,2006,County
Dun Laoghaire,155,September,2006,County
Fingal,560,September,2006,County
Galway,380,September,2006,County
Kerry,321,September,2006,County
Kildare,532,September,2006,County
Kilkenny,155,September,2006,County
Laois,184,September,2006,County
Leitrim,140,September,2006,County
Limerick,226,September,2006,County
Longford,96,September,2006,County
Louth,179,September,2006,County
Mayo,258,September,2006,County
Meath,308,September,2006,County
Monaghan,128,September,2006,County
North Tipperary,160,September,2006,County
Offaly,138,September,2006,County
Roscommon,134,September,2006,County
Sligo,171,September,2006,County
South Dublin,167,September,2006,County
South Tipperary,102,September,2006,County
Waterford,113,September,2006,County
Westmeath,96,September,2006,County
Wexford,214,September,2006,County
Carlow,142,October,2006,County
Cavan,203,October,2006,County
Clare,252,October,2006,County
Cork,810,October,2006,County
Donegal,475,October,2006,County
Dun Laoghaire,148,October,2006,County
Fingal,479,October,2006,County
Galway,357,October,2006,County
Kerry,408,October,2006,County
Kildare,371,October,2006,County
Kilkenny,186,October,2006,County
Laois,286,October,2006,County
Leitrim,100,October,2006,County
Limerick,360,October,2006,County
Longford,116,October,2006,County
Louth,144,October,2006,County
Mayo,258,October,2006,County
Meath,340,October,2006,County
Monaghan,110,October,2006,County
North Tipperary,118,October,2006,County
Offaly,232,October,2006,County
Roscommon,211,October,2006,County
Sligo,224,October,2006,County
South Dublin,204,October,2006,County
South Tipperary,210,October,2006,County
Waterford,131,October,2006,County
Westmeath,162,October,2006,County
Wexford,344,October,2006,County
Carlow,182,November,2006,County
Cavan,259,November,2006,County
Clare,296,November,2006,County
Cork,900,November,2006,County
Donegal,503,November,2006,County
Dun Laoghaire,162,November,2006,County
Fingal,623,November,2006,County
Galway,437,November,2006,County
Kerry,444,November,2006,County
Kildare,381,November,2006,County
Kilkenny,228,November,2006,County
Laois,224,November,2006,County
Leitrim,222,November,2006,County
Limerick,293,November,2006,County
Longford,169,November,2006,County
Louth,227,November,2006,County
Mayo,322,November,2006,County
Meath,348,November,2006,County
Monaghan,103,November,2006,County
North Tipperary,152,November,2006,County
Offaly,196,November,2006,County
Roscommon,232,November,2006,County
Sligo,309,November,2006,County
South Dublin,451,November,2006,County
South Tipperary,156,November,2006,County
Waterford,192,November,2006,County
Westmeath,220,November,2006,County
Wexford,308,November,2006,County
Carlow,60,December,2006,County
Cavan,219,December,2006,County
Clare,213,December,2006,County
Cork,705,December,2006,County
Donegal,357,December,2006,County
Dun Laoghaire,204,December,2006,County
Fingal,543,December,2006,County
Galway,443,December,2006,County
Kerry,405,December,2006,County
Kildare,437,December,2006,County
Kilkenny,160,December,2006,County
Laois,186,December,2006,County
Leitrim,85,December,2006,County
Limerick,293,December,2006,County
Longford,225,December,2006,County
Louth,272,December,2006,County
Mayo,321,December,2006,County
Meath,324,December,2006,County
Monaghan,143,December,2006,County
North Tipperary,144,December,2006,County
Offaly,141,December,2006,County
Roscommon,260,December,2006,County
Sligo,98,December,2006,County
South Dublin,241,December,2006,County
South Tipperary,172,December,2006,County
Waterford,116,December,2006,County
Westmeath,179,December,2006,County
Wexford,310,December,2006,County
Carlow,52,January,2007,County
Cavan,176,January,2007,County
Clare,122,January,2007,County
Cork,573,January,2007,County
Donegal,344,January,2007,County
Dun Laoghaire,217,January,2007,County
Fingal,311,January,2007,County
Galway,427,January,2007,County
Kerry,172,January,2007,County
Kildare,225,January,2007,County
Kilkenny,129,January,2007,County
Laois,213,January,2007,County
Leitrim,105,January,2007,County
Limerick,166,January,2007,County
Longford,96,January,2007,County
Louth,128,January,2007,County
Mayo,221,January,2007,County
Meath,162,January,2007,County
Monaghan,47,January,2007,County
North Tipperary,90,January,2007,County
Offaly,84,January,2007,County
Roscommon,113,January,2007,County
Sligo,129,January,2007,County
South Dublin,160,January,2007,County
South Tipperary,110,January,2007,County
Waterford,60,January,2007,County
Westmeath,201,January,2007,County
Wexford,213,January,2007,County
Carlow,142,February,2007,County
Cavan,118,February,2007,County
Clare,237,February,2007,County
Cork,646,February,2007,County
Donegal,370,February,2007,County
Dun Laoghaire,257,February,2007,County
Fingal,450,February,2007,County
Galway,359,February,2007,County
Kerry,255,February,2007,County
Kildare,294,February,2007,County
Kilkenny,150,February,2007,County
Laois,192,February,2007,County
Leitrim,97,February,2007,County
Limerick,211,February,2007,County
Longford,201,February,2007,County
Louth,139,February,2007,County
Mayo,230,February,2007,County
Meath,196,February,2007,County
Monaghan,104,February,2007,County
North Tipperary,85,February,2007,County
Offaly,115,February,2007,County
Roscommon,96,February,2007,County
Sligo,80,February,2007,County
South Dublin,393,February,2007,County
South Tipperary,126,February,2007,County
Waterford,119,February,2007,County
Westmeath,114,February,2007,County
Wexford,196,February,2007,County
Carlow,126,March,2007,County
Cavan,170,March,2007,County
Clare,197,March,2007,County
Cork,800,March,2007,County
Donegal,321,March,2007,County
Dun Laoghaire,100,March,2007,County
Fingal,541,March,2007,County
Galway,332,March,2007,County
Kerry,243,March,2007,County
Kildare,285,March,2007,County
Kilkenny,175,March,2007,County
Laois,225,March,2007,County
Leitrim,76,March,2007,County
Limerick,222,March,2007,County
Longford,109,March,2007,County
Louth,154,March,2007,County
Mayo,235,March,2007,County
Meath,285,March,2007,County
Monaghan,94,March,2007,County
North Tipperary,87,March,2007,County
Offaly,92,March,2007,County
Roscommon,119,March,2007,County
Sligo,136,March,2007,County
South Dublin,272,March,2007,County
South Tipperary,145,March,2007,County
Waterford,93,March,2007,County
Westmeath,112,March,2007,County
Wexford,210,March,2007,County
Carlow,101,April,2007,County
Cavan,142,April,2007,County
Clare,192,April,2007,County
Cork,597,April,2007,County
Donegal,380,April,2007,County
Dun Laoghaire,204,April,2007,County
Fingal,449,April,2007,County
Galway,264,April,2007,County
Kerry,249,April,2007,County
Kildare,305,April,2007,County
Kilkenny,121,April,2007,County
Laois,157,April,2007,County
Leitrim,118,April,2007,County
Limerick,122,April,2007,County
Longford,136,April,2007,County
Louth,99,April,2007,County
Mayo,190,April,2007,County
Meath,287,April,2007,County
Monaghan,49,April,2007,County
North Tipperary,70,April,2007,County
Offaly,77,April,2007,County
Roscommon,137,April,2007,County
Sligo,153,April,2007,County
South Dublin,277,April,2007,County
South Tipperary,129,April,2007,County
Waterford,57,April,2007,County
Westmeath,120,April,2007,County
Wexford,236,April,2007,County
Carlow,176,May,2007,County
Cavan,260,May,2007,County
Clare,188,May,2007,County
Cork,654,May,2007,County
Donegal,295,May,2007,County
Dun Laoghaire,221,May,2007,County
Fingal,351,May,2007,County
Galway,325,May,2007,County
Kerry,257,May,2007,County
Kildare,277,May,2007,County
Kilkenny,111,May,2007,County
Laois,209,May,2007,County
Leitrim,60,May,2007,County
Limerick,258,May,2007,County
Longford,142,May,2007,County
Louth,93,May,2007,County
Mayo,144,May,2007,County
Meath,226,May,2007,County
Monaghan,95,May,2007,County
North Tipperary,101,May,2007,County
Offaly,86,May,2007,County
Roscommon,128,May,2007,County
Sligo,96,May,2007,County
South Dublin,416,May,2007,County
South Tipperary,65,May,2007,County
Waterford,99,May,2007,County
Westmeath,124,May,2007,County
Wexford,403,May,2007,County
Carlow,97,June,2007,County
Cavan,153,June,2007,County
Clare,159,June,2007,County
Cork,576,June,2007,County
Donegal,400,June,2007,County
Dun Laoghaire,273,June,2007,County
Fingal,446,June,2007,County
Galway,272,June,2007,County
Kerry,209,June,2007,County
Kildare,217,June,2007,County
Kilkenny,77,June,2007,County
Laois,133,June,2007,County
Leitrim,86,June,2007,County
Limerick,179,June,2007,County
Longford,97,June,2007,County
Louth,110,June,2007,County
Mayo,230,June,2007,County
Meath,265,June,2007,County
Monaghan,127,June,2007,County
North Tipperary,85,June,2007,County
Offaly,111,June,2007,County
Roscommon,134,June,2007,County
Sligo,74,June,2007,County
South Dublin,147,June,2007,County
South Tipperary,80,June,2007,County
Waterford,87,June,2007,County
Westmeath,134,June,2007,County
Wexford,296,June,2007,County
Carlow,89,July,2007,County
Cavan,86,July,2007,County
Clare,163,July,2007,County
Cork,416,July,2007,County
Donegal,264,July,2007,County
Dun Laoghaire,204,July,2007,County
Fingal,345,July,2007,County
Galway,223,July,2007,County
Kerry,180,July,2007,County
Kildare,221,July,2007,County
Kilkenny,124,July,2007,County
Laois,141,July,2007,County
Leitrim,71,July,2007,County
Limerick,102,July,2007,County
Longford,148,July,2007,County
Louth,99,July,2007,County
Mayo,154,July,2007,County
Meath,155,July,2007,County
Monaghan,57,July,2007,County
North Tipperary,54,July,2007,County
Offaly,79,July,2007,County
Roscommon,76,July,2007,County
Sligo,66,July,2007,County
South Dublin,377,July,2007,County
South Tipperary,64,July,2007,County
Waterford,84,July,2007,County
Westmeath,80,July,2007,County
Wexford,144,July,2007,County
Carlow,61,August,2007,County
Cavan,227,August,2007,County
Clare,151,August,2007,County
Cork,550,August,2007,County
Donegal,284,August,2007,County
Dun Laoghaire,269,August,2007,County
Fingal,329,August,2007,County
Galway,223,August,2007,County
Kerry,262,August,2007,County
Kildare,194,August,2007,County
Kilkenny,144,August,2007,County
Laois,137,August,2007,County
Leitrim,91,August,2007,County
Limerick,165,August,2007,County
Longford,65,August,2007,County
Louth,151,August,2007,County
Mayo,170,August,2007,County
Meath,180,August,2007,County
Monaghan,95,August,2007,County
North Tipperary,95,August,2007,County
Offaly,120,August,2007,County
Roscommon,116,August,2007,County
Sligo,72,August,2007,County
South Dublin,196,August,2007,County
South Tipperary,63,August,2007,County
Waterford,99,August,2007,County
Westmeath,143,August,2007,County
Wexford,303,August,2007,County
Carlow,72,September,2007,County
Cavan,214,September,2007,County
Clare,161,September,2007,County
Cork,550,September,2007,County
Donegal,423,September,2007,County
Dun Laoghaire,422,September,2007,County
Fingal,419,September,2007,County
Galway,243,September,2007,County
Kerry,206,September,2007,County
Kildare,296,September,2007,County
Kilkenny,76,September,2007,County
Laois,136,September,2007,County
Leitrim,73,September,2007,County
Limerick,146,September,2007,County
Longford,126,September,2007,County
Louth,173,September,2007,County
Mayo,161,September,2007,County
Meath,144,September,2007,County
Monaghan,129,September,2007,County
North Tipperary,101,September,2007,County
Offaly,119,September,2007,County
Roscommon,140,September,2007,County
Sligo,101,September,2007,County
South Dublin,310,September,2007,County
South Tipperary,93,September,2007,County
Waterford,110,September,2007,County
Westmeath,183,September,2007,County
Wexford,260,September,2007,County
Carlow,59,October,2007,County
Cavan,162,October,2007,County
Clare,255,October,2007,County
Cork,731,October,2007,County
Donegal,358,October,2007,County
Dun Laoghaire,282,October,2007,County
Fingal,414,October,2007,County
Galway,430,October,2007,County
Kerry,187,October,2007,County
Kildare,315,October,2007,County
Kilkenny,124,October,2007,County
Laois,214,October,2007,County
Leitrim,64,October,2007,County
Limerick,267,October,2007,County
Longford,167,October,2007,County
Louth,180,October,2007,County
Mayo,231,October,2007,County
Meath,168,October,2007,County
Monaghan,83,October,2007,County
North Tipperary,77,October,2007,County
Offaly,100,October,2007,County
Roscommon,139,October,2007,County
Sligo,120,October,2007,County
South Dublin,222,October,2007,County
South Tipperary,162,October,2007,County
Waterford,142,October,2007,County
Westmeath,188,October,2007,County
Wexford,356,October,2007,County
Carlow,62,November,2007,County
Cavan,181,November,2007,County
Clare,258,November,2007,County
Cork,756,November,2007,County
Donegal,372,November,2007,County
Dun Laoghaire,291,November,2007,County
Fingal,426,November,2007,County
Galway,457,November,2007,County
Kerry,193,November,2007,County
Kildare,322,November,2007,County
Kilkenny,132,November,2007,County
Laois,217,November,2007,County
Leitrim,69,November,2007,County
Limerick,277,November,2007,County
Longford,172,November,2007,County
Louth,188,November,2007,County
Mayo,244,November,2007,County
Meath,196,November,2007,County
Monaghan,84,November,2007,County
North Tipperary,80,November,2007,County
Offaly,101,November,2007,County
Roscommon,145,November,2007,County
Sligo,126,November,2007,County
South Dublin,230,November,2007,County
South Tipperary,170,November,2007,County
Waterford,145,November,2007,County
Westmeath,193,November,2007,County
Wexford,364,November,2007,County
Carlow,106,December,2007,County
Cavan,219,December,2007,County
Clare,203,December,2007,County
Cork,628,December,2007,County
Donegal,353,December,2007,County
Dun Laoghaire,312,December,2007,County
Fingal,244,December,2007,County
Galway,294,December,2007,County
Kerry,265,December,2007,County
Kildare,167,December,2007,County
Kilkenny,181,December,2007,County
Laois,203,December,2007,County
Leitrim,65,December,2007,County
Limerick,327,December,2007,County
Longford,120,December,2007,County
Louth,140,December,2007,County
Mayo,232,December,2007,County
Meath,163,December,2007,County
Monaghan,78,December,2007,County
North Tipperary,116,December,2007,County
Offaly,133,December,2007,County
Roscommon,81,December,2007,County
Sligo,116,December,2007,County
South Dublin,270,December,2007,County
South Tipperary,83,December,2007,County
Waterford,140,December,2007,County
Westmeath,116,December,2007,County
Wexford,213,December,2007,County
Carlow,44,January,2008,County
Cavan,124,January,2008,County
Clare,100,January,2008,County
Cork,421,January,2008,County
Donegal,155,January,2008,County
Dun Laoghaire,335,January,2008,County
Fingal,204,January,2008,County
Galway,188,January,2008,County
Kerry,94,January,2008,County
Kildare,176,January,2008,County
Kilkenny,147,January,2008,County
Laois,94,January,2008,County
Leitrim,44,January,2008,County
Limerick,115,January,2008,County
Longford,76,January,2008,County
Louth,143,January,2008,County
Mayo,122,January,2008,County
Meath,207,January,2008,County
Monaghan,105,January,2008,County
North Tipperary,54,January,2008,County
Offaly,134,January,2008,County
Roscommon,196,January,2008,County
Sligo,117,January,2008,County
South Dublin,262,January,2008,County
South Tipperary,96,January,2008,County
Waterford,107,January,2008,County
Westmeath,108,January,2008,County
Wexford,159,January,2008,County
Carlow,61,February,2008,County
Cavan,90,February,2008,County
Clare,152,February,2008,County
Cork,515,February,2008,County
Donegal,297,February,2008,County
Dun Laoghaire,230,February,2008,County
Fingal,205,February,2008,County
Galway,210,February,2008,County
Kerry,197,February,2008,County
Kildare,140,February,2008,County
Kilkenny,127,February,2008,County
Laois,160,February,2008,County
Leitrim,65,February,2008,County
Limerick,181,February,2008,County
Longford,54,February,2008,County
Louth,160,February,2008,County
Mayo,201,February,2008,County
Meath,128,February,2008,County
Monaghan,88,February,2008,County
North Tipperary,102,February,2008,County
Offaly,92,February,2008,County
Roscommon,122,February,2008,County
Sligo,75,February,2008,County
South Dublin,162,February,2008,County
South Tipperary,108,February,2008,County
Waterford,91,February,2008,County
Westmeath,158,February,2008,County
Wexford,215,February,2008,County
Carlow,38,March,2008,County
Cavan,111,March,2008,County
Clare,94,March,2008,County
Cork,381,March,2008,County
Donegal,225,March,2008,County
Dun Laoghaire,86,March,2008,County
Fingal,82,March,2008,County
Galway,179,March,2008,County
Kerry,154,March,2008,County
Kildare,129,March,2008,County
Kilkenny,57,March,2008,County
Laois,102,March,2008,County
Leitrim,50,March,2008,County
Limerick,129,March,2008,County
Longford,66,March,2008,County
Louth,62,March,2008,County
Mayo,152,March,2008,County
Meath,187,March,2008,County
Monaghan,47,March,2008,County
North Tipperary,77,March,2008,County
Offaly,60,March,2008,County
Roscommon,59,March,2008,County
Sligo,53,March,2008,County
South Dublin,171,March,2008,County
South Tipperary,53,March,2008,County
Waterford,68,March,2008,County
Westmeath,91,March,2008,County
Wexford,151,March,2008,County
Carlow,94,April,2008,County
Cavan,75,April,2008,County
Clare,128,April,2008,County
Cork,404,April,2008,County
Donegal,239,April,2008,County
Dun Laoghaire,235,April,2008,County
Fingal,192,April,2008,County
Galway,213,April,2008,County
Kerry,170,April,2008,County
Kildare,170,April,2008,County
Kilkenny,102,April,2008,County
Laois,163,April,2008,County
Leitrim,88,April,2008,County
Limerick,153,April,2008,County
Longford,64,April,2008,County
Louth,86,April,2008,County
Mayo,201,April,2008,County
Meath,194,April,2008,County
Monaghan,59,April,2008,County
North Tipperary,69,April,2008,County
Offaly,72,April,2008,County
Roscommon,78,April,2008,County
Sligo,90,April,2008,County
South Dublin,246,April,2008,County
South Tipperary,74,April,2008,County
Waterford,144,April,2008,County
Westmeath,86,April,2008,County
Wexford,197,April,2008,County
Carlow,39,May,2008,County
Cavan,62,May,2008,County
Clare,97,May,2008,County
Cork,431,May,2008,County
Donegal,313,May,2008,County
Dun Laoghaire,185,May,2008,County
Fingal,189,May,2008,County
Galway,177,May,2008,County
Kerry,143,May,2008,County
Kildare,170,May,2008,County
Kilkenny,81,May,2008,County
Laois,118,May,2008,County
Leitrim,77,May,2008,County
Limerick,149,May,2008,County
Longford,55,May,2008,County
Louth,85,May,2008,County
Mayo,93,May,2008,County
Meath,170,May,2008,County
Monaghan,33,May,2008,County
North Tipperary,94,May,2008,County
Offaly,103,May,2008,County
Roscommon,62,May,2008,County
Sligo,114,May,2008,County
South Dublin,153,May,2008,County
South Tipperary,59,May,2008,County
Waterford,100,May,2008,County
Westmeath,153,May,2008,County
Wexford,200,May,2008,County
Carlow,51,June,2008,County
Cavan,92,June,2008,County
Clare,95,June,2008,County
Cork,483,June,2008,County
Donegal,174,June,2008,County
Dun Laoghaire,262,June,2008,County
Fingal,129,June,2008,County
Galway,112,June,2008,County
Kerry,132,June,2008,County
Kildare,132,June,2008,County
Kilkenny,122,June,2008,County
Laois,70,June,2008,County
Leitrim,42,June,2008,County
Limerick,105,June,2008,County
Longford,34,June,2008,County
Louth,90,June,2008,County
Mayo,172,June,2008,County
Meath,219,June,2008,County
Monaghan,69,June,2008,County
North Tipperary,81,June,2008,County
Offaly,41,June,2008,County
Roscommon,92,June,2008,County
Sligo,82,June,2008,County
South Dublin,144,June,2008,County
South Tipperary,88,June,2008,County
Waterford,73,June,2008,County
Westmeath,53,June,2008,County
Wexford,123,June,2008,County
Carlow,43,July,2008,County
Cavan,129,July,2008,County
Clare,149,July,2008,County
Cork,413,July,2008,County
Donegal,172,July,2008,County
Dun Laoghaire,168,July,2008,County
Fingal,131,July,2008,County
Galway,155,July,2008,County
Kerry,177,July,2008,County
Kildare,207,July,2008,County
Kilkenny,87,July,2008,County
Laois,79,July,2008,County
Leitrim,63,July,2008,County
Limerick,102,July,2008,County
Longford,39,July,2008,County
Louth,157,July,2008,County
Mayo,158,July,2008,County
Meath,193,July,2008,County
Monaghan,41,July,2008,County
North Tipperary,133,July,2008,County
Offaly,63,July,2008,County
Roscommon,89,July,2008,County
Sligo,86,July,2008,County
South Dublin,73,July,2008,County
South Tipperary,103,July,2008,County
Waterford,68,July,2008,County
Westmeath,77,July,2008,County
Wexford,242,July,2008,County
Carlow,71,August,2008,County
Cavan,67,August,2008,County
Clare,81,August,2008,County
Cork,488,August,2008,County
Donegal,132,August,2008,County
Dun Laoghaire,168,August,2008,County
Fingal,153,August,2008,County
Galway,218,August,2008,County
Kerry,133,August,2008,County
Kildare,123,August,2008,County
Kilkenny,76,August,2008,County
Laois,80,August,2008,County
Leitrim,53,August,2008,County
Limerick,132,August,2008,County
Longford,31,August,2008,County
Louth,87,August,2008,County
Mayo,92,August,2008,County
Meath,112,August,2008,County
Monaghan,44,August,2008,County
North Tipperary,43,August,2008,County
Offaly,65,August,2008,County
Roscommon,71,August,2008,County
Sligo,43,August,2008,County
South Dublin,70,August,2008,County
South Tipperary,42,August,2008,County
Waterford,50,August,2008,County
Westmeath,62,August,2008,County
Wexford,164,August,2008,County
Carlow,33,September,2008,County
Cavan,90,September,2008,County
Clare,155,September,2008,County
Cork,392,September,2008,County
Donegal,272,September,2008,County
Dun Laoghaire,115,September,2008,County
Fingal,190,September,2008,County
Galway,278,September,2008,County
Kerry,260,September,2008,County
Kildare,133,September,2008,County
Kilkenny,70,September,2008,County
Laois,67,September,2008,County
Leitrim,50,September,2008,County
Limerick,126,September,2008,County
Longford,37,September,2008,County
Louth,58,September,2008,County
Mayo,137,September,2008,County
Meath,143,September,2008,County
Monaghan,45,September,2008,County
North Tipperary,51,September,2008,County
Offaly,74,September,2008,County
Roscommon,59,September,2008,County
Sligo,103,September,2008,County
South Dublin,114,September,2008,County
South Tipperary,82,September,2008,County
Waterford,45,September,2008,County
Westmeath,100,September,2008,County
Wexford,127,September,2008,County
Carlow,49,October,2008,County
Cavan,62,October,2008,County
Clare,102,October,2008,County
Cork,393,October,2008,County
Donegal,195,October,2008,County
Dun Laoghaire,127,October,2008,County
Fingal,274,October,2008,County
Galway,165,October,2008,County
Kerry,223,October,2008,County
Kildare,161,October,2008,County
Kilkenny,64,October,2008,County
Laois,74,October,2008,County
Leitrim,47,October,2008,County
Limerick,134,October,2008,County
Longford,45,October,2008,County
Louth,143,October,2008,County
Mayo,160,October,2008,County
Meath,118,October,2008,County
Monaghan,33,October,2008,County
North Tipperary,73,October,2008,County
Offaly,50,October,2008,County
Roscommon,73,October,2008,County
Sligo,75,October,2008,County
South Dublin,157,October,2008,County
South Tipperary,57,October,2008,County
Waterford,45,October,2008,County
Westmeath,76,October,2008,County
Wexford,119,October,2008,County
Carlow,72,November,2008,County
Cavan,86,November,2008,County
Clare,144,November,2008,County
Cork,435,November,2008,County
Donegal,200,November,2008,County
Dun Laoghaire,76,November,2008,County
Fingal,187,November,2008,County
Galway,209,November,2008,County
Kerry,144,November,2008,County
Kildare,112,November,2008,County
Kilkenny,112,November,2008,County
Laois,61,November,2008,County
Leitrim,40,November,2008,County
Limerick,127,November,2008,County
Longford,55,November,2008,County
Louth,187,November,2008,County
Mayo,132,November,2008,County
Meath,164,November,2008,County
Monaghan,51,November,2008,County
North Tipperary,118,November,2008,County
Offaly,52,November,2008,County
Roscommon,74,November,2008,County
Sligo,66,November,2008,County
South Dublin,115,November,2008,County
South Tipperary,72,November,2008,County
Waterford,109,November,2008,County
Westmeath,76,November,2008,County
Wexford,154,November,2008,County
Carlow,40,December,2008,County
Cavan,74,December,2008,County
Clare,96,December,2008,County
Cork,335,December,2008,County
Donegal,202,December,2008,County
Dun Laoghaire,100,December,2008,County
Fingal,213,December,2008,County
Galway,228,December,2008,County
Kerry,134,December,2008,County
Kildare,158,December,2008,County
Kilkenny,97,December,2008,County
Laois,88,December,2008,County
Leitrim,28,December,2008,County
Limerick,119,December,2008,County
Longford,28,December,2008,County
Louth,155,December,2008,County
Mayo,154,December,2008,County
Meath,111,December,2008,County
Monaghan,59,December,2008,County
North Tipperary,83,December,2008,County
Offaly,51,December,2008,County
Roscommon,68,December,2008,County
Sligo,20,December,2008,County
South Dublin,91,December,2008,County
South Tipperary,56,December,2008,County
Waterford,50,December,2008,County
Westmeath,106,December,2008,County
Wexford,147,December,2008,County
Carlow,19,January,2009,County
Cavan,65,January,2009,County
Clare,95,January,2009,County
Cork,199,January,2009,County
Donegal,126,January,2009,County
Dun Laoghaire,253,January,2009,County
Fingal,111,January,2009,County
Galway,121,January,2009,County
Kerry,49,January,2009,County
Kildare,74,January,2009,County
Kilkenny,47,January,2009,County
Laois,55,January,2009,County
Leitrim,66,January,2009,County
Limerick,50,January,2009,County
Longford,72,January,2009,County
Louth,109,January,2009,County
Mayo,121,January,2009,County
Meath,101,January,2009,County
Monaghan,30,January,2009,County
North Tipperary,41,January,2009,County
Offaly,38,January,2009,County
Roscommon,63,January,2009,County
Sligo,47,January,2009,County
South Dublin,48,January,2009,County
South Tipperary,32,January,2009,County
Waterford,46,January,2009,County
Westmeath,64,January,2009,County
Wexford,98,January,2009,County
Carlow,36,February,2009,County
Cavan,45,February,2009,County
Clare,82,February,2009,County
Cork,282,February,2009,County
Donegal,186,February,2009,County
Dun Laoghaire,102,February,2009,County
Fingal,147,February,2009,County
Galway,130,February,2009,County
Kerry,63,February,2009,County
Kildare,61,February,2009,County
Kilkenny,53,February,2009,County
Laois,53,February,2009,County
Leitrim,25,February,2009,County
Limerick,88,February,2009,County
Longford,53,February,2009,County
Louth,43,February,2009,County
Mayo,107,February,2009,County
Meath,134,February,2009,County
Monaghan,30,February,2009,County
North Tipperary,47,February,2009,County
Offaly,29,February,2009,County
Roscommon,44,February,2009,County
Sligo,47,February,2009,County
South Dublin,40,February,2009,County
South Tipperary,33,February,2009,County
Waterford,42,February,2009,County
Westmeath,23,February,2009,County
Wexford,75,February,2009,County
Carlow,50,March,2009,County
Cavan,38,March,2009,County
Clare,99,March,2009,County
Cork,241,March,2009,County
Donegal,132,March,2009,County
Dun Laoghaire,55,March,2009,County
Fingal,128,March,2009,County
Galway,99,March,2009,County
Kerry,100,March,2009,County
Kildare,92,March,2009,County
Kilkenny,39,March,2009,County
Laois,48,March,2009,County
Leitrim,42,March,2009,County
Limerick,102,March,2009,County
Longford,37,March,2009,County
Louth,51,March,2009,County
Mayo,71,March,2009,County
Meath,77,March,2009,County
Monaghan,19,March,2009,County
North Tipperary,40,March,2009,County
Offaly,49,March,2009,County
Roscommon,54,March,2009,County
Sligo,46,March,2009,County
South Dublin,42,March,2009,County
South Tipperary,37,March,2009,County
Waterford,51,March,2009,County
Westmeath,82,March,2009,County
Wexford,98,March,2009,County
Carlow,45,April,2009,County
Cavan,38,April,2009,County
Clare,53,April,2009,County
Cork,215,April,2009,County
Donegal,122,April,2009,County
Dun Laoghaire,77,April,2009,County
Fingal,91,April,2009,County
Galway,135,April,2009,County
Kerry,70,April,2009,County
Kildare,113,April,2009,County
Kilkenny,43,April,2009,County
Laois,48,April,2009,County
Leitrim,22,April,2009,County
Limerick,50,April,2009,County
Longford,106,April,2009,County
Louth,55,April,2009,County
Mayo,79,April,2009,County
Meath,70,April,2009,County
Monaghan,46,April,2009,County
North Tipperary,37,April,2009,County
Offaly,31,April,2009,County
Roscommon,56,April,2009,County
Sligo,63,April,2009,County
South Dublin,70,April,2009,County
South Tipperary,46,April,2009,County
Waterford,62,April,2009,County
Westmeath,38,April,2009,County
Wexford,86,April,2009,County
Carlow,31,May,2009,County
Cavan,44,May,2009,County
Clare,54,May,2009,County
Cork,257,May,2009,County
Donegal,143,May,2009,County
Dun Laoghaire,53,May,2009,County
Fingal,89,May,2009,County
Galway,99,May,2009,County
Kerry,66,May,2009,County
Kildare,117,May,2009,County
Kilkenny,40,May,2009,County
Laois,47,May,2009,County
Leitrim,20,May,2009,County
Limerick,84,May,2009,County
Longford,28,May,2009,County
Louth,92,May,2009,County
Mayo,96,May,2009,County
Meath,93,May,2009,County
Monaghan,39,May,2009,County
North Tipperary,40,May,2009,County
Offaly,26,May,2009,County
Roscommon,31,May,2009,County
Sligo,44,May,2009,County
South Dublin,32,May,2009,County
South Tipperary,20,May,2009,County
Waterford,36,May,2009,County
Westmeath,26,May,2009,County
Wexford,85,May,2009,County
Carlow,55,June,2009,County
Cavan,39,June,2009,County
Clare,43,June,2009,County
Cork,240,June,2009,County
Donegal,146,June,2009,County
Dun Laoghaire,40,June,2009,County
Fingal,113,June,2009,County
Galway,81,June,2009,County
Kerry,70,June,2009,County
Kildare,85,June,2009,County
Kilkenny,32,June,2009,County
Laois,49,June,2009,County
Leitrim,19,June,2009,County
Limerick,41,June,2009,County
Longford,12,June,2009,County
Louth,67,June,2009,County
Mayo,74,June,2009,County
Meath,70,June,2009,County
Monaghan,33,June,2009,County
North Tipperary,52,June,2009,County
Offaly,32,June,2009,County
Roscommon,45,June,2009,County
Sligo,47,June,2009,County
South Dublin,96,June,2009,County
South Tipperary,46,June,2009,County
Waterford,36,June,2009,County
Westmeath,34,June,2009,County
Wexford,118,June,2009,County
Carlow,26,July,2009,County
Cavan,42,July,2009,County
Clare,77,July,2009,County
Cork,232,July,2009,County
Donegal,150,July,2009,County
Dun Laoghaire,40,July,2009,County
Fingal,186,July,2009,County
Galway,114,July,2009,County
Kerry,117,July,2009,County
Kildare,54,July,2009,County
Kilkenny,47,July,2009,County
Laois,42,July,2009,County
Leitrim,32,July,2009,County
Limerick,47,July,2009,County
Longford,11,July,2009,County
Louth,66,July,2009,County
Mayo,79,July,2009,County
Meath,87,July,2009,County
Monaghan,39,July,2009,County
North Tipperary,51,July,2009,County
Offaly,28,July,2009,County
Roscommon,24,July,2009,County
Sligo,55,July,2009,County
South Dublin,108,July,2009,County
South Tipperary,47,July,2009,County
Waterford,42,July,2009,County
Westmeath,33,July,2009,County
Wexford,74,July,2009,County
Carlow,20,August,2009,County
Cavan,37,August,2009,County
Clare,43,August,2009,County
Cork,154,August,2009,County
Donegal,91,August,2009,County
Dun Laoghaire,13,August,2009,County
Fingal,68,August,2009,County
Galway,76,August,2009,County
Kerry,53,August,2009,County
Kildare,72,August,2009,County
Kilkenny,27,August,2009,County
Laois,29,August,2009,County
Leitrim,18,August,2009,County
Limerick,42,August,2009,County
Longford,14,August,2009,County
Louth,33,August,2009,County
Mayo,89,August,2009,County
Meath,76,August,2009,County
Monaghan,31,August,2009,County
North Tipperary,26,August,2009,County
Offaly,34,August,2009,County
Roscommon,23,August,2009,County
Sligo,17,August,2009,County
South Dublin,27,August,2009,County
South Tipperary,17,August,2009,County
Waterford,40,August,2009,County
Westmeath,35,August,2009,County
Wexford,64,August,2009,County
Carlow,29,September,2009,County
Cavan,63,September,2009,County
Clare,43,September,2009,County
Cork,197,September,2009,County
Donegal,159,September,2009,County
Dun Laoghaire,80,September,2009,County
Fingal,104,September,2009,County
Galway,99,September,2009,County
Kerry,61,September,2009,County
Kildare,87,September,2009,County
Kilkenny,38,September,2009,County
Laois,19,September,2009,County
Leitrim,20,September,2009,County
Limerick,43,September,2009,County
Longford,19,September,2009,County
Louth,60,September,2009,County
Mayo,99,September,2009,County
Meath,123,September,2009,County
Monaghan,41,September,2009,County
North Tipperary,29,September,2009,County
Offaly,32,September,2009,County
Roscommon,30,September,2009,County
Sligo,41,September,2009,County
South Dublin,48,September,2009,County
South Tipperary,43,September,2009,County
Waterford,36,September,2009,County
Westmeath,51,September,2009,County
Wexford,96,September,2009,County
Carlow,53,October,2009,County
Cavan,58,October,2009,County
Clare,53,October,2009,County
Cork,166,October,2009,County
Donegal,100,October,2009,County
Dun Laoghaire,80,October,2009,County
Fingal,99,October,2009,County
Galway,93,October,2009,County
Kerry,55,October,2009,County
Kildare,92,October,2009,County
Kilkenny,33,October,2009,County
Laois,34,October,2009,County
Leitrim,20,October,2009,County
Limerick,49,October,2009,County
Longford,31,October,2009,County
Louth,34,October,2009,County
Mayo,85,October,2009,County
Meath,79,October,2009,County
Monaghan,42,October,2009,County
North Tipperary,75,October,2009,County
Offaly,29,October,2009,County
Roscommon,36,October,2009,County
Sligo,42,October,2009,County
South Dublin,52,October,2009,County
South Tipperary,28,October,2009,County
Waterford,28,October,2009,County
Westmeath,27,October,2009,County
Wexford,66,October,2009,County
Carlow,35,November,2009,County
Cavan,30,November,2009,County
Clare,67,November,2009,County
Cork,252,November,2009,County
Donegal,156,November,2009,County
Dun Laoghaire,100,November,2009,County
Fingal,82,November,2009,County
Galway,127,November,2009,County
Kerry,63,November,2009,County
Kildare,76,November,2009,County
Kilkenny,35,November,2009,County
Laois,53,November,2009,County
Leitrim,7,November,2009,County
Limerick,61,November,2009,County
Longford,44,November,2009,County
Louth,77,November,2009,County
Mayo,54,November,2009,County
Meath,67,November,2009,County
Monaghan,28,November,2009,County
North Tipperary,68,November,2009,County
Offaly,24,November,2009,County
Roscommon,36,November,2009,County
Sligo,21,November,2009,County
South Dublin,31,November,2009,County
South Tipperary,29,November,2009,County
Waterford,39,November,2009,County
Westmeath,58,November,2009,County
Wexford,78,November,2009,County
Carlow,24,December,2009,County
Cavan,62,December,2009,County
Clare,56,December,2009,County
Cork,206,December,2009,County
Donegal,178,December,2009,County
Dun Laoghaire,59,December,2009,County
Fingal,91,December,2009,County
Galway,99,December,2009,County
Kerry,99,December,2009,County
Kildare,83,December,2009,County
Kilkenny,38,December,2009,County
Laois,46,December,2009,County
Leitrim,12,December,2009,County
Limerick,56,December,2009,County
Longford,18,December,2009,County
Louth,76,December,2009,County
Mayo,78,December,2009,County
Meath,85,December,2009,County
Monaghan,39,December,2009,County
North Tipperary,92,December,2009,County
Offaly,32,December,2009,County
Roscommon,23,December,2009,County
Sligo,14,December,2009,County
South Dublin,38,December,2009,County
South Tipperary,46,December,2009,County
Waterford,31,December,2009,County
Westmeath,35,December,2009,County
Wexford,86,December,2009,County
Carlow,16,January,2010,County
Cavan,19,January,2010,County
Clare,21,January,2010,County
Cork,93,January,2010,County
Donegal,57,January,2010,County
Dun Laoghaire,51,January,2010,County
Fingal,75,January,2010,County
Galway,56,January,2010,County
Kerry,23,January,2010,County
Kildare,44,January,2010,County
Kilkenny,25,January,2010,County
Laois,17,January,2010,County
Leitrim,6,January,2010,County
Limerick,31,January,2010,County
Longford,10,January,2010,County
Louth,98,January,2010,County
Mayo,43,January,2010,County
Meath,36,January,2010,County
Monaghan,14,January,2010,County
North Tipperary,22,January,2010,County
Offaly,17,January,2010,County
Roscommon,30,January,2010,County
Sligo,33,January,2010,County
South Dublin,29,January,2010,County
South Tipperary,21,January,2010,County
Waterford,73,January,2010,County
Westmeath,20,January,2010,County
Wexford,39,January,2010,County
Carlow,13,February,2010,County
Cavan,33,February,2010,County
Clare,49,February,2010,County
Cork,128,February,2010,County
Donegal,64,February,2010,County
Dun Laoghaire,29,February,2010,County
Fingal,36,February,2010,County
Galway,102,February,2010,County
Kerry,47,February,2010,County
Kildare,63,February,2010,County
Kilkenny,22,February,2010,County
Laois,20,February,2010,County
Leitrim,23,February,2010,County
Limerick,35,February,2010,County
Longford,16,February,2010,County
Louth,31,February,2010,County
Mayo,42,February,2010,County
Meath,54,February,2010,County
Monaghan,16,February,2010,County
North Tipperary,24,February,2010,County
Offaly,13,February,2010,County
Roscommon,44,February,2010,County
Sligo,20,February,2010,County
South Dublin,30,February,2010,County
South Tipperary,33,February,2010,County
Waterford,22,February,2010,County
Westmeath,25,February,2010,County
Wexford,66,February,2010,County
Carlow,12,March,2010,County
Cavan,26,March,2010,County
Clare,57,March,2010,County
Cork,209,March,2010,County
Donegal,91,March,2010,County
Dun Laoghaire,12,March,2010,County
Fingal,67,March,2010,County
Galway,67,March,2010,County
Kerry,53,March,2010,County
Kildare,40,March,2010,County
Kilkenny,34,March,2010,County
Laois,21,March,2010,County
Leitrim,16,March,2010,County
Limerick,46,March,2010,County
Longford,13,March,2010,County
Louth,19,March,2010,County
Mayo,60,March,2010,County
Meath,45,March,2010,County
Monaghan,15,March,2010,County
North Tipperary,41,March,2010,County
Offaly,15,March,2010,County
Roscommon,22,March,2010,County
Sligo,17,March,2010,County
South Dublin,42,March,2010,County
South Tipperary,21,March,2010,County
Waterford,22,March,2010,County
Westmeath,20,March,2010,County
Wexford,62,March,2010,County
Carlow,18,April,2010,County
Cavan,20,April,2010,County
Clare,117,April,2010,County
Cork,145,April,2010,County
Donegal,60,April,2010,County
Dun Laoghaire,24,April,2010,County
Fingal,20,April,2010,County
Galway,70,April,2010,County
Kerry,62,April,2010,County
Kildare,41,April,2010,County
Kilkenny,28,April,2010,County
Laois,19,April,2010,County
Leitrim,11,April,2010,County
Limerick,33,April,2010,County
Longford,8,April,2010,County
Louth,30,April,2010,County
Mayo,47,April,2010,County
Meath,45,April,2010,County
Monaghan,27,April,2010,County
North Tipperary,28,April,2010,County
Offaly,22,April,2010,County
Roscommon,32,April,2010,County
Sligo,14,April,2010,County
South Dublin,7,April,2010,County
South Tipperary,15,April,2010,County
Waterford,29,April,2010,County
Westmeath,26,April,2010,County
Wexford,48,April,2010,County
Carlow,17,May,2010,County
Cavan,28,May,2010,County
Clare,100,May,2010,County
Cork,162,May,2010,County
Donegal,59,May,2010,County
Dun Laoghaire,18,May,2010,County
Fingal,41,May,2010,County
Galway,59,May,2010,County
Kerry,62,May,2010,County
Kildare,51,May,2010,County
Kilkenny,32,May,2010,County
Laois,9,May,2010,County
Leitrim,17,May,2010,County
Limerick,30,May,2010,County
Longford,6,May,2010,County
Louth,35,May,2010,County
Mayo,50,May,2010,County
Meath,41,May,2010,County
Monaghan,19,May,2010,County
North Tipperary,13,May,2010,County
Offaly,16,May,2010,County
Roscommon,17,May,2010,County
Sligo,11,May,2010,County
South Dublin,20,May,2010,County
South Tipperary,17,May,2010,County
Waterford,27,May,2010,County
Westmeath,32,May,2010,County
Wexford,64,May,2010,County
Carlow,8,June,2010,County
Cavan,36,June,2010,County
Clare,34,June,2010,County
Cork,119,June,2010,County
Donegal,54,June,2010,County
Dun Laoghaire,15,June,2010,County
Fingal,28,June,2010,County
Galway,56,June,2010,County
Kerry,70,June,2010,County
Kildare,46,June,2010,County
Kilkenny,43,June,2010,County
Laois,12,June,2010,County
Leitrim,13,June,2010,County
Limerick,35,June,2010,County
Longford,3,June,2010,County
Louth,31,June,2010,County
Mayo,57,June,2010,County
Meath,31,June,2010,County
Monaghan,20,June,2010,County
North Tipperary,24,June,2010,County
Offaly,18,June,2010,County
Roscommon,16,June,2010,County
Sligo,9,June,2010,County
South Dublin,23,June,2010,County
South Tipperary,19,June,2010,County
Waterford,19,June,2010,County
Westmeath,24,June,2010,County
Wexford,46,June,2010,County
Carlow,9,July,2010,County
Cavan,14,July,2010,County
Clare,31,July,2010,County
Cork,179,July,2010,County
Donegal,70,July,2010,County
Dun Laoghaire,13,July,2010,County
Fingal,28,July,2010,County
Galway,57,July,2010,County
Kerry,44,July,2010,County
Kildare,56,July,2010,County
Kilkenny,39,July,2010,County
Laois,24,July,2010,County
Leitrim,11,July,2010,County
Limerick,33,July,2010,County
Longford,8,July,2010,County
Louth,22,July,2010,County
Mayo,45,July,2010,County
Meath,57,July,2010,County
Monaghan,13,July,2010,County
North Tipperary,33,July,2010,County
Offaly,29,July,2010,County
Roscommon,42,July,2010,County
Sligo,20,July,2010,County
South Dublin,66,July,2010,County
South Tipperary,27,July,2010,County
Waterford,26,July,2010,County
Westmeath,24,July,2010,County
Wexford,66,July,2010,County
Carlow,13,August,2010,County
Cavan,11,August,2010,County
Clare,40,August,2010,County
Cork,135,August,2010,County
Donegal,48,August,2010,County
Dun Laoghaire,38,August,2010,County
Fingal,49,August,2010,County
Galway,54,August,2010,County
Kerry,31,August,2010,County
Kildare,60,August,2010,County
Kilkenny,23,August,2010,County
Laois,30,August,2010,County
Leitrim,8,August,2010,County
Limerick,40,August,2010,County
Longford,13,August,2010,County
Louth,22,August,2010,County
Mayo,47,August,2010,County
Meath,67,August,2010,County
Monaghan,16,August,2010,County
North Tipperary,18,August,2010,County
Offaly,24,August,2010,County
Roscommon,26,August,2010,County
Sligo,29,August,2010,County
South Dublin,35,August,2010,County
South Tipperary,19,August,2010,County
Waterford,33,August,2010,County
Westmeath,19,August,2010,County
Wexford,93,August,2010,County
Carlow,18,September,2010,County
Cavan,24,September,2010,County
Clare,29,September,2010,County
Cork,140,September,2010,County
Donegal,70,September,2010,County
Dun Laoghaire,83,September,2010,County
Fingal,40,September,2010,County
Galway,75,September,2010,County
Kerry,44,September,2010,County
Kildare,76,September,2010,County
Kilkenny,22,September,2010,County
Laois,14,September,2010,County
Leitrim,11,September,2010,County
Limerick,28,September,2010,County
Longford,18,September,2010,County
Louth,22,September,2010,County
Mayo,65,September,2010,County
Meath,81,September,2010,County
Monaghan,13,September,2010,County
North Tipperary,29,September,2010,County
Offaly,28,September,2010,County
Roscommon,34,September,2010,County
Sligo,31,September,2010,County
South Dublin,16,September,2010,County
South Tipperary,22,September,2010,County
Waterford,23,September,2010,County
Westmeath,17,September,2010,County
Wexford,43,September,2010,County
Carlow,29,October,2010,County
Cavan,19,October,2010,County
Clare,32,October,2010,County
Cork,94,October,2010,County
Donegal,52,October,2010,County
Dun Laoghaire,76,October,2010,County
Fingal,65,October,2010,County
Galway,64,October,2010,County
Kerry,39,October,2010,County
Kildare,43,October,2010,County
Kilkenny,27,October,2010,County
Laois,14,October,2010,County
Leitrim,12,October,2010,County
Limerick,59,October,2010,County
Longford,11,October,2010,County
Louth,38,October,2010,County
Mayo,61,October,2010,County
Meath,37,October,2010,County
Monaghan,15,October,2010,County
North Tipperary,22,October,2010,County
Offaly,26,October,2010,County
Roscommon,16,October,2010,County
Sligo,16,October,2010,County
South Dublin,17,October,2010,County
South Tipperary,45,October,2010,County
Waterford,15,October,2010,County
Westmeath,56,October,2010,County
Wexford,44,October,2010,County
Carlow,50,November,2010,County
Cavan,41,November,2010,County
Clare,40,November,2010,County
Cork,177,November,2010,County
Donegal,105,November,2010,County
Dun Laoghaire,10,November,2010,County
Fingal,58,November,2010,County
Galway,82,November,2010,County
Kerry,33,November,2010,County
Kildare,54,November,2010,County
Kilkenny,30,November,2010,County
Laois,33,November,2010,County
Leitrim,11,November,2010,County
Limerick,36,November,2010,County
Longford,31,November,2010,County
Louth,30,November,2010,County
Mayo,58,November,2010,County
Meath,66,November,2010,County
Monaghan,21,November,2010,County
North Tipperary,25,November,2010,County
Offaly,21,November,2010,County
Roscommon,22,November,2010,County
Sligo,12,November,2010,County
South Dublin,80,November,2010,County
South Tipperary,22,November,2010,County
Waterford,23,November,2010,County
Westmeath,45,November,2010,County
Wexford,55,November,2010,County
Carlow,27,December,2010,County
Cavan,25,December,2010,County
Clare,42,December,2010,County
Cork,117,December,2010,County
Donegal,95,December,2010,County
Dun Laoghaire,15,December,2010,County
Fingal,33,December,2010,County
Galway,83,December,2010,County
Kerry,38,December,2010,County
Kildare,41,December,2010,County
Kilkenny,18,December,2010,County
Laois,23,December,2010,County
Leitrim,3,December,2010,County
Limerick,29,December,2010,County
Longford,15,December,2010,County
Louth,26,December,2010,County
Mayo,42,December,2010,County
Meath,59,December,2010,County
Monaghan,19,December,2010,County
North Tipperary,23,December,2010,County
Offaly,23,December,2010,County
Roscommon,18,December,2010,County
Sligo,11,December,2010,County
South Dublin,40,December,2010,County
South Tipperary,30,December,2010,County
Waterford,20,December,2010,County
Westmeath,26,December,2010,County
Wexford,33,December,2010,County
Carlow,10.0,January,2011,County
Cavan,32.0,January,2011,County
Clare,19.0,January,2011,County
Cork,129.0,January,2011,County
Donegal,41.0,January,2011,County
Dun Laoghaire,16.0,January,2011,County
Fingal,21.0,January,2011,County
Galway,42.0,January,2011,County
Kerry,16.0,January,2011,County
Kildare,25.0,January,2011,County
Kilkenny,10.0,January,2011,County
Laois,9.0,January,2011,County
Leitrim,30.0,January,2011,County
Limerick,13.0,January,2011,County
Longford,8.0,January,2011,County
Louth,30.0,January,2011,County
Mayo,36.0,January,2011,County
Meath,26.0,January,2011,County
Monaghan,12.0,January,2011,County
North Tipperary,8.0,January,2011,County
Offaly,12.0,January,2011,County
Roscommon,13.0,January,2011,County
Sligo,23.0,January,2011,County
South Dublin,30.0,January,2011,County
South Tipperary,4.0,January,2011,County
Waterford,28.0,January,2011,County
Westmeath,7.0,January,2011,County
Wexford,22.0,January,2011,County
Carlow,10.0,February,2011,County
Cavan,17.0,February,2011,County
Clare,28.0,February,2011,County
Cork,85.0,February,2011,County
Donegal,56.0,February,2011,County
Dun Laoghaire,15.0,February,2011,County
Fingal,93.0,February,2011,County
Galway,50.0,February,2011,County
Kerry,30.0,February,2011,County
Kildare,32.0,February,2011,County
Kilkenny,21.0,February,2011,County
Laois,17.0,February,2011,County
Leitrim,23.0,February,2011,County
Limerick,21.0,February,2011,County
Longford,8.0,February,2011,County
Louth,19.0,February,2011,County
Mayo,32.0,February,2011,County
Meath,32.0,February,2011,County
Monaghan,11.0,February,2011,County
North Tipperary,19.0,February,2011,County
Offaly,12.0,February,2011,County
Roscommon,16.0,February,2011,County
Sligo,34.0,February,2011,County
South Dublin,16.0,February,2011,County
South Tipperary,13.0,February,2011,County
Waterford,11.0,February,2011,County
Westmeath,21.0,February,2011,County
Wexford,38.0,February,2011,County
Carlow,6,March,2011,County
Cavan,40,March,2011,County
Clare,27,March,2011,County
Cork,149,March,2011,County
Donegal,62,March,2011,County
Dun Laoghaire,36,March,2011,County
Fingal,69,March,2011,County
Galway,60,March,2011,County
Kerry,39,March,2011,County
Kildare,95,March,2011,County
Kilkenny,18,March,2011,County
Laois,19,March,2011,County
Leitrim,10,March,2011,County
Limerick,25,March,2011,County
Longford,3,March,2011,County
Louth,21,March,2011,County
Mayo,24,March,2011,County
Meath,39,March,2011,County
Monaghan,14,March,2011,County
North Tipperary,17,March,2011,County
Offaly,13,March,2011,County
Roscommon,22,March,2011,County
Sligo,17,March,2011,County
South Dublin,12,March,2011,County
South Tipperary,22,March,2011,County
Waterford,18,March,2011,County
Westmeath,21,March,2011,County
Wexford,36,March,2011,County
Carlow,8.0,April,2011,County
Cavan,19.0,April,2011,County
Clare,16.0,April,2011,County
Cork,99.0,April,2011,County
Donegal,48.0,April,2011,County
Dun Laoghaire,34.0,April,2011,County
Fingal,110.0,April,2011,County
Galway,45.0,April,2011,County
Kerry,29.0,April,2011,County
Kildare,26.0,April,2011,County
Kilkenny,17.0,April,2011,County
Laois,17.0,April,2011,County
Leitrim,4.0,April,2011,County
Limerick,25.0,April,2011,County
Longford,10.0,April,2011,County
Louth,15.0,April,2011,County
Mayo,25.0,April,2011,County
Meath,26.0,April,2011,County
Monaghan,4.0,April,2011,County
North Tipperary,20.0,April,2011,County
Offaly,20.0,April,2011,County
Roscommon,27.0,April,2011,County
Sligo,19.0,April,2011,County
South Dublin,10.0,April,2011,County
South Tipperary,13.0,April,2011,County
Waterford,16.0,April,2011,County
Westmeath,25.0,April,2011,County
Wexford,42.0,April,2011,County
Carlow,6.0,May,2011,County
Cavan,18.0,May,2011,County
Clare,26.0,May,2011,County
Cork,100.0,May,2011,County
Donegal,55.0,May,2011,County
Dun Laoghaire,30.0,May,2011,County
Fingal,27.0,May,2011,County
Galway,46.0,May,2011,County
Kerry,27.0,May,2011,County
Kildare,27.0,May,2011,County
Kilkenny,15.0,May,2011,County
Laois,23.0,May,2011,County
Leitrim,7.0,May,2011,County
Limerick,19.0,May,2011,County
Longford,3.0,May,2011,County
Louth,17.0,May,2011,County
Mayo,26.0,May,2011,County
Meath,31.0,May,2011,County
Monaghan,14.0,May,2011,County
North Tipperary,33.0,May,2011,County
Offaly,15.0,May,2011,County
Roscommon,13.0,May,2011,County
Sligo,16.0,May,2011,County
South Dublin,8.0,May,2011,County
South Tipperary,33.0,May,2011,County
Waterford,17.0,May,2011,County
Westmeath,16.0,May,2011,County
Wexford,39.0,May,2011,County
Carlow,23.0,June,2011,County
Cavan,19.0,June,2011,County
Clare,24.0,June,2011,County
Cork,95.0,June,2011,County
Donegal,82.0,June,2011,County
Dun Laoghaire,16.0,June,2011,County
Fingal,56.0,June,2011,County
Galway,62.0,June,2011,County
Kerry,44.0,June,2011,County
Kildare,14.0,June,2011,County
Kilkenny,26.0,June,2011,County
Laois,13.0,June,2011,County
Leitrim,9.0,June,2011,County
Limerick,28.0,June,2011,County
Longford,17.0,June,2011,County
Louth,37.0,June,2011,County
Mayo,26.0,June,2011,County
Meath,34.0,June,2011,County
Monaghan,12.0,June,2011,County
North Tipperary,33.0,June,2011,County
Offaly,10.0,June,2011,County
Roscommon,32.0,June,2011,County
Sligo,11.0,June,2011,County
South Dublin,6.0,June,2011,County
South Tipperary,17.0,June,2011,County
Waterford,11.0,June,2011,County
Westmeath,18.0,June,2011,County
Wexford,30.0,June,2011,County
Carlow,41.0,July,2011,County
Cavan,20.0,July,2011,County
Clare,23.0,July,2011,County
Cork,90.0,July,2011,County
Donegal,50.0,July,2011,County
Dun Laoghaire,3.0,July,2011,County
Fingal,30.0,July,2011,County
Galway,47.0,July,2011,County
Kerry,35.0,July,2011,County
Kildare,26.0,July,2011,County
Kilkenny,44.0,July,2011,County
Laois,15.0,July,2011,County
Leitrim,11.0,July,2011,County
Limerick,27.0,July,2011,County
Longford,5.0,July,2011,County
Louth,17.0,July,2011,County
Mayo,73.0,July,2011,County
Meath,30.0,July,2011,County
Monaghan,15.0,July,2011,County
North Tipperary,15.0,July,2011,County
Offaly,17.0,July,2011,County
Roscommon,21.0,July,2011,County
Sligo,33.0,July,2011,County
South Dublin,7.0,July,2011,County
South Tipperary,19.0,July,2011,County
Waterford,8.0,July,2011,County
Westmeath,20.0,July,2011,County
Wexford,45.0,July,2011,County
Carlow,17.0,August,2011,County
Cavan,28.0,August,2011,County
Clare,20.0,August,2011,County
Cork,113.0,August,2011,County
Donegal,42.0,August,2011,County
Dun Laoghaire,8.0,August,2011,County
Fingal,69.0,August,2011,County
Galway,38.0,August,2011,County
Kerry,27.0,August,2011,County
Kildare,23.0,August,2011,County
Kilkenny,35.0,August,2011,County
Laois,16.0,August,2011,County
Leitrim,3.0,August,2011,County
Limerick,21.0,August,2011,County
Longford,3.0,August,2011,County
Louth,19.0,August,2011,County
Mayo,39.0,August,2011,County
Meath,33.0,August,2011,County
Monaghan,16.0,August,2011,County
North Tipperary,23.0,August,2011,County
Offaly,22.0,August,2011,County
Roscommon,11.0,August,2011,County
Sligo,14.0,August,2011,County
South Dublin,8.0,August,2011,County
South Tipperary,16.0,August,2011,County
Waterford,10.0,August,2011,County
Westmeath,22.0,August,2011,County
Wexford,37.0,August,2011,County
Carlow,9,September,2011,County
Cavan,24,September,2011,County
Clare,25,September,2011,County
Cork,121,September,2011,County
Donegal,42,September,2011,County
Dun Laoghaire,6,September,2011,County
Fingal,73,September,2011,County
Galway,68,September,2011,County
Kerry,42,September,2011,County
Kildare,18,September,2011,County
Kilkenny,31,September,2011,County
Laois,18,September,2011,County
Leitrim,10,September,2011,County
Limerick,18,September,2011,County
Longford,10,September,2011,County
Louth,25,September,2011,County
Mayo,70,September,2011,County
Meath,30,September,2011,County
Monaghan,18,September,2011,County
North Tipperary,22,September,2011,County
Offaly,8,September,2011,County
Roscommon,14,September,2011,County
Sligo,16,September,2011,County
South Dublin,9,September,2011,County
South Tipperary,15,September,2011,County
Waterford,16,September,2011,County
Westmeath,21,September,2011,County
Wexford,54,September,2011,County
Carlow,29.0,October,2011,County
Cavan,13.0,October,2011,County
Clare,32.0,October,2011,County
Cork,101.0,October,2011,County
Donegal,49.0,October,2011,County
Dun Laoghaire,5.0,October,2011,County
Fingal,44.0,October,2011,County
Galway,37.0,October,2011,County
Kerry,26.0,October,2011,County
Kildare,32.0,October,2011,County
Kilkenny,21.0,October,2011,County
Laois,14.0,October,2011,County
Leitrim,1.0,October,2011,County
Limerick,22.0,October,2011,County
Longford,8.0,October,2011,County
Louth,18.0,October,2011,County
Mayo,29.0,October,2011,County
Meath,28.0,October,2011,County
Monaghan,17.0,October,2011,County
North Tipperary,20.0,October,2011,County
Offaly,16.0,October,2011,County
Roscommon,14.0,October,2011,County
Sligo,14.0,October,2011,County
South Dublin,20.0,October,2011,County
South Tipperary,12.0,October,2011,County
Waterford,19.0,October,2011,County
Westmeath,11.0,October,2011,County
Wexford,35.0,October,2011,County
Carlow,17.0,November,2011,County
Cavan,28.0,November,2011,County
Clare,32.0,November,2011,County
Cork,135.0,November,2011,County
Donegal,45.0,November,2011,County
Dun Laoghaire,12.0,November,2011,County
Fingal,40.0,November,2011,County
Galway,58.0,November,2011,County
Kerry,25.0,November,2011,County
Kildare,40.0,November,2011,County
Kilkenny,20.0,November,2011,County
Laois,29.0,November,2011,County
Leitrim,9.0,November,2011,County
Limerick,49.0,November,2011,County
Longford,5.0,November,2011,County
Louth,19.0,November,2011,County
Mayo,43.0,November,2011,County
Meath,35.0,November,2011,County
Monaghan,18.0,November,2011,County
North Tipperary,24.0,November,2011,County
Offaly,22.0,November,2011,County
Roscommon,14.0,November,2011,County
Sligo,18.0,November,2011,County
South Dublin,25.0,November,2011,County
South Tipperary,16.0,November,2011,County
Waterford,16.0,November,2011,County
Westmeath,15.0,November,2011,County
Wexford,34.0,November,2011,County
Carlow,13.0,December,2011,County
Cavan,14.0,December,2011,County
Clare,22.0,December,2011,County
Cork,115.0,December,2011,County
Donegal,38.0,December,2011,County
Dun Laoghaire,11.0,December,2011,County
Fingal,30.0,December,2011,County
Galway,67.0,December,2011,County
Kerry,47.0,December,2011,County
Kildare,49.0,December,2011,County
Kilkenny,32.0,December,2011,County
Laois,15.0,December,2011,County
Leitrim,8.0,December,2011,County
Limerick,36.0,December,2011,County
Longford,9.0,December,2011,County
Louth,20.0,December,2011,County
Mayo,47.0,December,2011,County
Meath,25.0,December,2011,County
Monaghan,13.0,December,2011,County
North Tipperary,22.0,December,2011,County
Offaly,20.0,December,2011,County
Roscommon,15.0,December,2011,County
Sligo,9.0,December,2011,County
South Dublin,9.0,December,2011,County
South Tipperary,13.0,December,2011,County
Waterford,26.0,December,2011,County
Westmeath,15.0,December,2011,County
Wexford,23.0,December,2011,County
Carlow,7.0,January,2012,County
Cavan,9.0,January,2012,County
Clare,37.0,January,2012,County
Cork,69.0,January,2012,County
Donegal,57.0,January,2012,County
Dun Laoghaire,2.0,January,2012,County
Fingal,22.0,January,2012,County
Galway,41.0,January,2012,County
Kerry,15.0,January,2012,County
Kildare,21.0,January,2012,County
Kilkenny,8.0,January,2012,County
Laois,9.0,January,2012,County
Leitrim,11.0,January,2012,County
Limerick,11.0,January,2012,County
Longford,3.0,January,2012,County
Louth,14.0,January,2012,County
Mayo,15.0,January,2012,County
Meath,22.0,January,2012,County
Monaghan,15.0,January,2012,County
North Tipperary,13.0,January,2012,County
Offaly,11.0,January,2012,County
Roscommon,14.0,January,2012,County
Sligo,28.0,January,2012,County
South Dublin,49.0,January,2012,County
South Tipperary,7.0,January,2012,County
Waterford,10.0,January,2012,County
Westmeath,13.0,January,2012,County
Wexford,17.0,January,2012,County
Carlow,12.0,February,2012,County
Cavan,12.0,February,2012,County
Clare,20.0,February,2012,County
Cork,71.0,February,2012,County
Donegal,60.0,February,2012,County
Dun Laoghaire,9.0,February,2012,County
Fingal,23.0,February,2012,County
Galway,32.0,February,2012,County
Kerry,34.0,February,2012,County
Kildare,40.0,February,2012,County
Kilkenny,13.0,February,2012,County
Laois,18.0,February,2012,County
Leitrim,5.0,February,2012,County
Limerick,14.0,February,2012,County
Longford,7.0,February,2012,County
Louth,11.0,February,2012,County
Mayo,18.0,February,2012,County
Meath,26.0,February,2012,County
Monaghan,33.0,February,2012,County
North Tipperary,18.0,February,2012,County
Offaly,11.0,February,2012,County
Roscommon,14.0,February,2012,County
Sligo,34.0,February,2012,County
South Dublin,8.0,February,2012,County
South Tipperary,9.0,February,2012,County
Waterford,14.0,February,2012,County
Westmeath,12.0,February,2012,County
Wexford,17.0,February,2012,County
Carlow,8.0,March,2012,County
Cavan,16.0,March,2012,County
Clare,14.0,March,2012,County
Cork,85.0,March,2012,County
Donegal,42.0,March,2012,County
Dun Laoghaire,6.0,March,2012,County
Fingal,35.0,March,2012,County
Galway,40.0,March,2012,County
Kerry,31.0,March,2012,County
Kildare,30.0,March,2012,County
Kilkenny,12.0,March,2012,County
Laois,13.0,March,2012,County
Leitrim,14.0,March,2012,County
Limerick,16.0,March,2012,County
Longford,15.0,March,2012,County
Louth,15.0,March,2012,County
Mayo,25.0,March,2012,County
Meath,21.0,March,2012,County
Monaghan,8.0,March,2012,County
North Tipperary,14.0,March,2012,County
Offaly,6.0,March,2012,County
Roscommon,8.0,March,2012,County
Sligo,33.0,March,2012,County
South Dublin,8.0,March,2012,County
South Tipperary,9.0,March,2012,County
Waterford,10.0,March,2012,County
Westmeath,8.0,March,2012,County
Wexford,40.0,March,2012,County
Carlow,9.0,April,2012,County
Cavan,9.0,April,2012,County
Clare,12.0,April,2012,County
Cork,62.0,April,2012,County
Donegal,34.0,April,2012,County
Dun Laoghaire,7.0,April,2012,County
Fingal,17.0,April,2012,County
Galway,51.0,April,2012,County
Kerry,24.0,April,2012,County
Kildare,24.0,April,2012,County
Kilkenny,14.0,April,2012,County
Laois,45.0,April,2012,County
Leitrim,5.0,April,2012,County
Limerick,20.0,April,2012,County
Longford,20.0,April,2012,County
Louth,9.0,April,2012,County
Mayo,23.0,April,2012,County
Meath,24.0,April,2012,County
Monaghan,12.0,April,2012,County
North Tipperary,10.0,April,2012,County
Offaly,9.0,April,2012,County
Roscommon,15.0,April,2012,County
Sligo,18.0,April,2012,County
South Dublin,12.0,April,2012,County
South Tipperary,9.0,April,2012,County
Waterford,14.0,April,2012,County
Westmeath,22.0,April,2012,County
Wexford,27.0,April,2012,County
Carlow,10.0,May,2012,County
Cavan,15.0,May,2012,County
Clare,22.0,May,2012,County
Cork,105.0,May,2012,County
Donegal,37.0,May,2012,County
Dun Laoghaire,7.0,May,2012,County
Fingal,22.0,May,2012,County
Galway,42.0,May,2012,County
Kerry,37.0,May,2012,County
Kildare,23.0,May,2012,County
Kilkenny,6.0,May,2012,County
Laois,29.0,May,2012,County
Leitrim,7.0,May,2012,County
Limerick,24.0,May,2012,County
Longford,6.0,May,2012,County
Louth,17.0,May,2012,County
Mayo,28.0,May,2012,County
Meath,32.0,May,2012,County
Monaghan,9.0,May,2012,County
North Tipperary,11.0,May,2012,County
Offaly,17.0,May,2012,County
Roscommon,11.0,May,2012,County
Sligo,18.0,May,2012,County
South Dublin,12.0,May,2012,County
South Tipperary,6.0,May,2012,County
Waterford,12.0,May,2012,County
Westmeath,10.0,May,2012,County
Wexford,26.0,May,2012,County
Carlow,10.0,June,2012,County
Cavan,19.0,June,2012,County
Clare,21.0,June,2012,County
Cork,63.0,June,2012,County
Donegal,40.0,June,2012,County
Dun Laoghaire,6.0,June,2012,County
Fingal,48.0,June,2012,County
Galway,25.0,June,2012,County
Kerry,23.0,June,2012,County
Kildare,32.0,June,2012,County
Kilkenny,12.0,June,2012,County
Laois,16.0,June,2012,County
Leitrim,8.0,June,2012,County
Limerick,23.0,June,2012,County
Longford,14.0,June,2012,County
Louth,13.0,June,2012,County
Mayo,28.0,June,2012,County
Meath,24.0,June,2012,County
Monaghan,7.0,June,2012,County
North Tipperary,6.0,June,2012,County
Offaly,13.0,June,2012,County
Roscommon,12.0,June,2012,County
Sligo,52.0,June,2012,County
South Dublin,8.0,June,2012,County
South Tipperary,10.0,June,2012,County
Waterford,17.0,June,2012,County
Westmeath,16.0,June,2012,County
Wexford,24.0,June,2012,County
Carlow,15.0,July,2012,County
Cavan,16.0,July,2012,County
Clare,14.0,July,2012,County
Cork,79.0,July,2012,County
Donegal,45.0,July,2012,County
Dun Laoghaire,10.0,July,2012,County
Fingal,35.0,July,2012,County
Galway,34.0,July,2012,County
Kerry,25.0,July,2012,County
Kildare,17.0,July,2012,County
Kilkenny,11.0,July,2012,County
Laois,17.0,July,2012,County
Leitrim,1.0,July,2012,County
Limerick,10.0,July,2012,County
Longford,13.0,July,2012,County
Louth,23.0,July,2012,County
Mayo,22.0,July,2012,County
Meath,48.0,July,2012,County
Monaghan,7.0,July,2012,County
North Tipperary,19.0,July,2012,County
Offaly,15.0,July,2012,County
Roscommon,13.0,July,2012,County
Sligo,9.0,July,2012,County
South Dublin,18.0,July,2012,County
South Tipperary,15.0,July,2012,County
Waterford,14.0,July,2012,County
Westmeath,14.0,July,2012,County
Wexford,21.0,July,2012,County
Carlow,8.0,August,2012,County
Cavan,18.0,August,2012,County
Clare,27.0,August,2012,County
Cork,87.0,August,2012,County
Donegal,50.0,August,2012,County
Dun Laoghaire,8.0,August,2012,County
Fingal,27.0,August,2012,County
Galway,40.0,August,2012,County
Kerry,22.0,August,2012,County
Kildare,26.0,August,2012,County
Kilkenny,9.0,August,2012,County
Laois,12.0,August,2012,County
Leitrim,10.0,August,2012,County
Limerick,19.0,August,2012,County
Longford,12.0,August,2012,County
Louth,36.0,August,2012,County
Mayo,27.0,August,2012,County
Meath,24.0,August,2012,County
Monaghan,22.0,August,2012,County
North Tipperary,14.0,August,2012,County
Offaly,9.0,August,2012,County
Roscommon,6.0,August,2012,County
Sligo,16.0,August,2012,County
South Dublin,17.0,August,2012,County
South Tipperary,7.0,August,2012,County
Waterford,4.0,August,2012,County
Westmeath,8.0,August,2012,County
Wexford,17.0,August,2012,County
Carlow,7.0,September,2012,County
Cavan,15.0,September,2012,County
Clare,21.0,September,2012,County
Cork,84.0,September,2012,County
Donegal,36.0,September,2012,County
Dun Laoghaire,15.0,September,2012,County
Fingal,17.0,September,2012,County
Galway,37.0,September,2012,County
Kerry,20.0,September,2012,County
Kildare,39.0,September,2012,County
Kilkenny,13.0,September,2012,County
Laois,27.0,September,2012,County
Leitrim,9.0,September,2012,County
Limerick,20.0,September,2012,County
Longford,11.0,September,2012,County
Louth,22.0,September,2012,County
Mayo,33.0,September,2012,County
Meath,27.0,September,2012,County
Monaghan,9.0,September,2012,County
North Tipperary,14.0,September,2012,County
Offaly,10.0,September,2012,County
Roscommon,9.0,September,2012,County
Sligo,11.0,September,2012,County
South Dublin,3.0,September,2012,County
South Tipperary,9.0,September,2012,County
Waterford,15.0,September,2012,County
Westmeath,18.0,September,2012,County
Wexford,24.0,September,2012,County
Carlow,10.0,October,2012,County
Cavan,22.0,October,2012,County
Clare,23.0,October,2012,County
Cork,74.0,October,2012,County
Donegal,34.0,October,2012,County
Dun Laoghaire,18.0,October,2012,County
Fingal,25.0,October,2012,County
Galway,48.0,October,2012,County
Kerry,62.0,October,2012,County
Kildare,31.0,October,2012,County
Kilkenny,35.0,October,2012,County
Laois,17.0,October,2012,County
Leitrim,10.0,October,2012,County
Limerick,16.0,October,2012,County
Longford,5.0,October,2012,County
Louth,33.0,October,2012,County
Mayo,16.0,October,2012,County
Meath,34.0,October,2012,County
Monaghan,10.0,October,2012,County
North Tipperary,13.0,October,2012,County
Offaly,12.0,October,2012,County
Roscommon,10.0,October,2012,County
Sligo,24.0,October,2012,County
South Dublin,28.0,October,2012,County
South Tipperary,9.0,October,2012,County
Waterford,9.0,October,2012,County
Westmeath,19.0,October,2012,County
Wexford,32.0,October,2012,County
Carlow,13.0,November,2012,County
Cavan,24.0,November,2012,County
Clare,24.0,November,2012,County
Cork,98.0,November,2012,County
Donegal,33.0,November,2012,County
Dun Laoghaire,34.0,November,2012,County
Fingal,47.0,November,2012,County
Galway,42.0,November,2012,County
Kerry,33.0,November,2012,County
Kildare,37.0,November,2012,County
Kilkenny,13.0,November,2012,County
Laois,23.0,November,2012,County
Leitrim,3.0,November,2012,County
Limerick,27.0,November,2012,County
Longford,6.0,November,2012,County
Louth,29.0,November,2012,County
Mayo,34.0,November,2012,County
Meath,39.0,November,2012,County
Monaghan,11.0,November,2012,County
North Tipperary,10.0,November,2012,County
Offaly,9.0,November,2012,County
Roscommon,15.0,November,2012,County
Sligo,12.0,November,2012,County
South Dublin,22.0,November,2012,County
South Tipperary,8.0,November,2012,County
Waterford,28.0,November,2012,County
Westmeath,15.0,November,2012,County
Wexford,36.0,November,2012,County
Carlow,7.0,December,2012,County
Cavan,18.0,December,2012,County
Clare,21.0,December,2012,County
Cork,88.0,December,2012,County
Donegal,43.0,December,2012,County
Dun Laoghaire,53.0,December,2012,County
Fingal,46.0,December,2012,County
Galway,35.0,December,2012,County
Kerry,22.0,December,2012,County
Kildare,52.0,December,2012,County
Kilkenny,11.0,December,2012,County
Laois,14.0,December,2012,County
Leitrim,3.0,December,2012,County
Limerick,30.0,December,2012,County
Longford,3.0,December,2012,County
Louth,46.0,December,2012,County
Mayo,21.0,December,2012,County
Meath,32.0,December,2012,County
Monaghan,6.0,December,2012,County
North Tipperary,9.0,December,2012,County
Offaly,22.0,December,2012,County
Roscommon,18.0,December,2012,County
Sligo,10.0,December,2012,County
South Dublin,35.0,December,2012,County
South Tipperary,15.0,December,2012,County
Waterford,15.0,December,2012,County
Westmeath,15.0,December,2012,County
Wexford,24.0,December,2012,County
Carlow,6.0,January,2013,County
Cavan,11.0,January,2013,County
Clare,12.0,January,2013,County
Cork,51.0,January,2013,County
Donegal,17.0,January,2013,County
Dun Laoghaire,6.0,January,2013,County
Fingal,17.0,January,2013,County
Galway,24.0,January,2013,County
Kerry,20.0,January,2013,County
Kildare,24.0,January,2013,County
Kilkenny,10.0,January,2013,County
Laois,8.0,January,2013,County
Leitrim,17.0,January,2013,County
Limerick,14.0,January,2013,County
Longford,4.0,January,2013,County
Louth,25.0,January,2013,County
Mayo,16.0,January,2013,County
Meath,16.0,January,2013,County
Monaghan,11.0,January,2013,County
North Tipperary,7.0,January,2013,County
Offaly,7.0,January,2013,County
Roscommon,17.0,January,2013,County
Sligo,31.0,January,2013,County
South Dublin,13.0,January,2013,County
South Tipperary,10.0,January,2013,County
Waterford,8.0,January,2013,County
Westmeath,12.0,January,2013,County
Wexford,16.0,January,2013,County
Carlow,10.0,February,2013,County
Cavan,19.0,February,2013,County
Clare,12.0,February,2013,County
Cork,56.0,February,2013,County
Donegal,41.0,February,2013,County
Dun Laoghaire,18.0,February,2013,County
Fingal,30.0,February,2013,County
Galway,42.0,February,2013,County
Kerry,26.0,February,2013,County
Kildare,40.0,February,2013,County
Kilkenny,4.0,February,2013,County
Laois,11.0,February,2013,County
Leitrim,7.0,February,2013,County
Limerick,16.0,February,2013,County
Longford,9.0,February,2013,County
Louth,10.0,February,2013,County
Mayo,22.0,February,2013,County
Meath,24.0,February,2013,County
Monaghan,9.0,February,2013,County
North Tipperary,7.0,February,2013,County
Offaly,6.0,February,2013,County
Roscommon,18.0,February,2013,County
Sligo,8.0,February,2013,County
South Dublin,7.0,February,2013,County
South Tipperary,7.0,February,2013,County
Waterford,12.0,February,2013,County
Westmeath,11.0,February,2013,County
Wexford,16.0,February,2013,County
Carlow,11.0,March,2013,County
Cavan,15.0,March,2013,County
Clare,22.0,March,2013,County
Cork,54.0,March,2013,County
Donegal,34.0,March,2013,County
Dun Laoghaire,9.0,March,2013,County
Fingal,32.0,March,2013,County
Galway,38.0,March,2013,County
Kerry,15.0,March,2013,County
Kildare,26.0,March,2013,County
Kilkenny,13.0,March,2013,County
Laois,11.0,March,2013,County
Leitrim,3.0,March,2013,County
Limerick,20.0,March,2013,County
Longford,8.0,March,2013,County
Louth,22.0,March,2013,County
Mayo,16.0,March,2013,County
Meath,36.0,March,2013,County
Monaghan,5.0,March,2013,County
North Tipperary,8.0,March,2013,County
Offaly,12.0,March,2013,County
Roscommon,12.0,March,2013,County
Sligo,11.0,March,2013,County
South Dublin,6.0,March,2013,County
South Tipperary,19.0,March,2013,County
Waterford,12.0,March,2013,County
Westmeath,13.0,March,2013,County
Wexford,20.0,March,2013,County
Carlow,10.0,April,2013,County
Cavan,17.0,April,2013,County
Clare,21.0,April,2013,County
Cork,69.0,April,2013,County
Donegal,29.0,April,2013,County
Dun Laoghaire,9.0,April,2013,County
Fingal,21.0,April,2013,County
Galway,38.0,April,2013,County
Kerry,17.0,April,2013,County
Kildare,60.0,April,2013,County
Kilkenny,18.0,April,2013,County
Laois,24.0,April,2013,County
Leitrim,13.0,April,2013,County
Limerick,27.0,April,2013,County
Longford,7.0,April,2013,County
Louth,23.0,April,2013,County
Mayo,21.0,April,2013,County
Meath,27.0,April,2013,County
Monaghan,10.0,April,2013,County
North Tipperary,15.0,April,2013,County
Offaly,11.0,April,2013,County
Roscommon,15.0,April,2013,County
Sligo,8.0,April,2013,County
South Dublin,4.0,April,2013,County
South Tipperary,16.0,April,2013,County
Waterford,7.0,April,2013,County
Westmeath,19.0,April,2013,County
Wexford,30.0,April,2013,County
Carlow,8.0,May,2013,County
Cavan,13.0,May,2013,County
Clare,22.0,May,2013,County
Cork,83.0,May,2013,County
Donegal,40.0,May,2013,County
Dun Laoghaire,6.0,May,2013,County
Fingal,44.0,May,2013,County
Galway,28.0,May,2013,County
Kerry,31.0,May,2013,County
Kildare,26.0,May,2013,County
Kilkenny,15.0,May,2013,County
Laois,14.0,May,2013,County
Leitrim,4.0,May,2013,County
Limerick,20.0,May,2013,County
Longford,7.0,May,2013,County
Louth,19.0,May,2013,County
Mayo,25.0,May,2013,County
Meath,26.0,May,2013,County
Monaghan,8.0,May,2013,County
North Tipperary,13.0,May,2013,County
Offaly,10.0,May,2013,County
Roscommon,10.0,May,2013,County
Sligo,8.0,May,2013,County
South Dublin,9.0,May,2013,County
South Tipperary,9.0,May,2013,County
Waterford,8.0,May,2013,County
Westmeath,9.0,May,2013,County
Wexford,11.0,May,2013,County
Carlow,26.0,June,2013,County
Cavan,10.0,June,2013,County
Clare,15.0,June,2013,County
Cork,67.0,June,2013,County
Donegal,31.0,June,2013,County
Dun Laoghaire,13.0,June,2013,County
Fingal,22.0,June,2013,County
Galway,21.0,June,2013,County
Kerry,25.0,June,2013,County
Kildare,33.0,June,2013,County
Kilkenny,21.0,June,2013,County
Laois,8.0,June,2013,County
Leitrim,3.0,June,2013,County
Limerick,14.0,June,2013,County
Longford,2.0,June,2013,County
Louth,52.0,June,2013,County
Mayo,23.0,June,2013,County
Meath,18.0,June,2013,County
Monaghan,9.0,June,2013,County
North Tipperary,4.0,June,2013,County
Offaly,13.0,June,2013,County
Roscommon,10.0,June,2013,County
Sligo,10.0,June,2013,County
South Dublin,14.0,June,2013,County
South Tipperary,4.0,June,2013,County
Waterford,12.0,June,2013,County
Westmeath,10.0,June,2013,County
Wexford,25.0,June,2013,County
Carlow,21.0,July,2013,County
Cavan,15.0,July,2013,County
Clare,19.0,July,2013,County
Cork,86.0,July,2013,County
Donegal,29.0,July,2013,County
Dun Laoghaire,10.0,July,2013,County
Fingal,55.0,July,2013,County
Galway,37.0,July,2013,County
Kerry,38.0,July,2013,County
Kildare,37.0,July,2013,County
Kilkenny,21.0,July,2013,County
Laois,19.0,July,2013,County
Leitrim,6.0,July,2013,County
Limerick,15.0,July,2013,County
Longford,15.0,July,2013,County
Louth,40.0,July,2013,County
Mayo,23.0,July,2013,County
Meath,21.0,July,2013,County
Monaghan,6.0,July,2013,County
North Tipperary,9.0,July,2013,County
Offaly,5.0,July,2013,County
Roscommon,9.0,July,2013,County
Sligo,7.0,July,2013,County
South Dublin,11.0,July,2013,County
South Tipperary,5.0,July,2013,County
Waterford,7.0,July,2013,County
Westmeath,14.0,July,2013,County
Wexford,26.0,July,2013,County
Carlow,5.0,August,2013,County
Cavan,16.0,August,2013,County
Clare,14.0,August,2013,County
Cork,77.0,August,2013,County
Donegal,33.0,August,2013,County
Dun Laoghaire,17.0,August,2013,County
Fingal,14.0,August,2013,County
Galway,23.0,August,2013,County
Kerry,22.0,August,2013,County
Kildare,53.0,August,2013,County
Kilkenny,14.0,August,2013,County
Laois,15.0,August,2013,County
Leitrim,8.0,August,2013,County
Limerick,13.0,August,2013,County
Longford,10.0,August,2013,County
Louth,14.0,August,2013,County
Mayo,24.0,August,2013,County
Meath,21.0,August,2013,County
Monaghan,15.0,August,2013,County
North Tipperary,15.0,August,2013,County
Offaly,10.0,August,2013,County
Roscommon,6.0,August,2013,County
Sligo,15.0,August,2013,County
South Dublin,18.0,August,2013,County
South Tipperary,12.0,August,2013,County
Waterford,14.0,August,2013,County
Westmeath,13.0,August,2013,County
Wexford,20.0,August,2013,County
Carlow,28.0,September,2013,County
Cavan,11.0,September,2013,County
Clare,13.0,September,2013,County
Cork,82.0,September,2013,County
Donegal,35.0,September,2013,County
Dun Laoghaire,13.0,September,2013,County
Fingal,30.0,September,2013,County
Galway,49.0,September,2013,County
Kerry,31.0,September,2013,County
Kildare,33.0,September,2013,County
Kilkenny,13.0,September,2013,County
Laois,6.0,September,2013,County
Leitrim,9.0,September,2013,County
Limerick,16.0,September,2013,County
Longford,6.0,September,2013,County
Louth,30.0,September,2013,County
Mayo,20.0,September,2013,County
Meath,15.0,September,2013,County
Monaghan,20.0,September,2013,County
North Tipperary,14.0,September,2013,County
Offaly,7.0,September,2013,County
Roscommon,25.0,September,2013,County
Sligo,13.0,September,2013,County
South Dublin,13.0,September,2013,County
South Tipperary,10.0,September,2013,County
Waterford,13.0,September,2013,County
Westmeath,17.0,September,2013,County
Wexford,38.0,September,2013,County
Carlow,14.0,October,2013,County
Cavan,11.0,October,2013,County
Clare,19.0,October,2013,County
Cork,81.0,October,2013,County
Donegal,42.0,October,2013,County
Dun Laoghaire,49.0,October,2013,County
Fingal,33.0,October,2013,County
Galway,56.0,October,2013,County
Kerry,44.0,October,2013,County
Kildare,47.0,October,2013,County
Kilkenny,16.0,October,2013,County
Laois,19.0,October,2013,County
Leitrim,2.0,October,2013,County
Limerick,35.0,October,2013,County
Longford,8.0,October,2013,County
Louth,20.0,October,2013,County
Mayo,33.0,October,2013,County
Meath,23.0,October,2013,County
Monaghan,15.0,October,2013,County
North Tipperary,11.0,October,2013,County
Offaly,15.0,October,2013,County
Roscommon,13.0,October,2013,County
Sligo,13.0,October,2013,County
South Dublin,32.0,October,2013,County
South Tipperary,11.0,October,2013,County
Waterford,9.0,October,2013,County
Westmeath,13.0,October,2013,County
Wexford,25.0,October,2013,County
Carlow,14.0,November,2013,County
Cavan,14.0,November,2013,County
Clare,26.0,November,2013,County
Cork,90.0,November,2013,County
Donegal,41.0,November,2013,County
Dun Laoghaire,56.0,November,2013,County
Fingal,54.0,November,2013,County
Galway,42.0,November,2013,County
Kerry,29.0,November,2013,County
Kildare,34.0,November,2013,County
Kilkenny,21.0,November,2013,County
Laois,27.0,November,2013,County
Leitrim,10.0,November,2013,County
Limerick,24.0,November,2013,County
Longford,9.0,November,2013,County
Louth,23.0,November,2013,County
Mayo,39.0,November,2013,County
Meath,27.0,November,2013,County
Monaghan,22.0,November,2013,County
North Tipperary,13.0,November,2013,County
Offaly,15.0,November,2013,County
Roscommon,22.0,November,2013,County
Sligo,14.0,November,2013,County
South Dublin,38.0,November,2013,County
South Tipperary,17.0,November,2013,County
Waterford,10.0,November,2013,County
Westmeath,16.0,November,2013,County
Wexford,47.0,November,2013,County
Carlow,16.0,December,2013,County
Cavan,21.0,December,2013,County
Clare,20.0,December,2013,County
Cork,67.0,December,2013,County
Donegal,28.0,December,2013,County
Dun Laoghaire,54.0,December,2013,County
Fingal,43.0,December,2013,County
Galway,28.0,December,2013,County
Kerry,33.0,December,2013,County
Kildare,34.0,December,2013,County
Kilkenny,13.0,December,2013,County
Laois,26.0,December,2013,County
Leitrim,8.0,December,2013,County
Limerick,21.0,December,2013,County
Longford,5.0,December,2013,County
Louth,32.0,December,2013,County
Mayo,50.0,December,2013,County
Meath,32.0,December,2013,County
Monaghan,20.0,December,2013,County
North Tipperary,16.0,December,2013,County
Offaly,6.0,December,2013,County
Roscommon,17.0,December,2013,County
Sligo,23.0,December,2013,County
South Dublin,38.0,December,2013,County
South Tipperary,14.0,December,2013,County
Waterford,11.0,December,2013,County
Westmeath,11.0,December,2013,County
Wexford,32.0,December,2013,County
Cork,39,January,2006,City
Dublin,757,January,2006,City
Galway,68,January,2006,City
Limerick,19,January,2006,City
Waterford,69,January,2006,City
Cork,22,February,2006,City
Dublin,618,February,2006,City
Galway,107,February,2006,City
Limerick,10,February,2006,City
Waterford,33,February,2006,City
Cork,93,March,2006,City
Dublin,560,March,2006,City
Galway,57,March,2006,City
Limerick,80,March,2006,City
Waterford,91,March,2006,City
Cork,31,April,2006,City
Dublin,225,April,2006,City
Galway,72,April,2006,City
Limerick,32,April,2006,City
Waterford,34,April,2006,City
Cork,162,May,2006,City
Dublin,496,May,2006,City
Galway,199,May,2006,City
Limerick,17,May,2006,City
Waterford,63,May,2006,City
Cork,110,June,2006,City
Dublin,717,June,2006,City
Galway,75,June,2006,City
Limerick,22,June,2006,City
Waterford,68,June,2006,City
Cork,57,July,2006,City
Dublin,685,July,2006,City
Galway,48,July,2006,City
Limerick,17,July,2006,City
Waterford,116,July,2006,City
Cork,141,August,2006,City
Dublin,783,August,2006,City
Galway,55,August,2006,City
Limerick,11,August,2006,City
Waterford,82,August,2006,City
Cork,96,September,2006,City
Dublin,847,September,2006,City
Galway,229,September,2006,City
Limerick,40,September,2006,City
Waterford,42,September,2006,City
Cork,103,October,2006,City
Dublin,690,October,2006,City
Galway,137,October,2006,City
Limerick,12,October,2006,City
Waterford,82,October,2006,City
Cork,108,November,2006,City
Dublin,755,November,2006,City
Galway,142,November,2006,City
Limerick,50,November,2006,City
Waterford,85,November,2006,City
Cork,103,December,2006,City
Dublin,613,December,2006,City
Galway,86,December,2006,City
Limerick,79,December,2006,City
Waterford,63,December,2006,City
Cork,83,January,2007,City
Dublin,446,January,2007,City
Galway,23,January,2007,City
Limerick,43,January,2007,City
Waterford,17,January,2007,City
Cork,123,February,2007,City
Dublin,562,February,2007,City
Galway,142,February,2007,City
Limerick,52,February,2007,City
Waterford,79,February,2007,City
Cork,168,March,2007,City
Dublin,677,March,2007,City
Galway,73,March,2007,City
Limerick,59,March,2007,City
Waterford,13,March,2007,City
Cork,99,April,2007,City
Dublin,273,April,2007,City
Galway,24,April,2007,City
Limerick,3,April,2007,City
Waterford,18,April,2007,City
Cork,87,May,2007,City
Dublin,674,May,2007,City
Galway,39,May,2007,City
Limerick,23,May,2007,City
Waterford,12,May,2007,City
Cork,158,June,2007,City
Dublin,418,June,2007,City
Galway,73,June,2007,City
Limerick,6,June,2007,City
Waterford,59,June,2007,City
Cork,85,July,2007,City
Dublin,454,July,2007,City
Galway,91,July,2007,City
Limerick,37,July,2007,City
Waterford,55,July,2007,City
Cork,58,August,2007,City
Dublin,606,August,2007,City
Galway,47,August,2007,City
Limerick,11,August,2007,City
Waterford,50,August,2007,City
Cork,76,September,2007,City
Dublin,491,September,2007,City
Galway,31,September,2007,City
Limerick,5,September,2007,City
Waterford,15,September,2007,City
Cork,52,October,2007,City
Dublin,832,October,2007,City
Galway,54,October,2007,City
Limerick,44,October,2007,City
Waterford,16,October,2007,City
Cork,62,November,2007,City
Dublin,849,November,2007,City
Galway,54,November,2007,City
Limerick,46,November,2007,City
Waterford,17,November,2007,City
Cork,158,December,2007,City
Dublin,396,December,2007,City
Galway,81,December,2007,City
Limerick,5,December,2007,City
Waterford,89,December,2007,City
Cork,44,January,2008,City
Dublin,402,January,2008,City
Galway,13,January,2008,City
Limerick,59,January,2008,City
Waterford,90,January,2008,City
Cork,29,February,2008,City
Dublin,451,February,2008,City
Galway,25,February,2008,City
Limerick,31,February,2008,City
Waterford,26,February,2008,City
Cork,150,March,2008,City
Dublin,520,March,2008,City
Galway,27,March,2008,City
Limerick,70,March,2008,City
Waterford,32,March,2008,City
Cork,31,April,2008,City
Dublin,402,April,2008,City
Galway,64,April,2008,City
Limerick,96,April,2008,City
Waterford,10,April,2008,City
Cork,93,May,2008,City
Dublin,554,May,2008,City
Galway,32,May,2008,City
Limerick,29,May,2008,City
Waterford,7,May,2008,City
Cork,188,June,2008,City
Dublin,489,June,2008,City
Galway,74,June,2008,City
Limerick,21,June,2008,City
Waterford,21,June,2008,City
Cork,94,July,2008,City
Dublin,470,July,2008,City
Galway,70,July,2008,City
Limerick,7,July,2008,City
Waterford,47,July,2008,City
Cork,131,August,2008,City
Dublin,387,August,2008,City
Galway,20,August,2008,City
Limerick,0,August,2008,City
Waterford,6,August,2008,City
Cork,52,September,2008,City
Dublin,533,September,2008,City
Galway,77,September,2008,City
Limerick,8,September,2008,City
Waterford,28,September,2008,City
Cork,45,October,2008,City
Dublin,350,October,2008,City
Galway,52,October,2008,City
Limerick,19,October,2008,City
Waterford,11,October,2008,City
Cork,42,November,2008,City
Dublin,614,November,2008,City
Galway,46,November,2008,City
Limerick,14,November,2008,City
Waterford,4,November,2008,City
Cork,102,December,2008,City
Dublin,176,December,2008,City
Galway,45,December,2008,City
Limerick,11,December,2008,City
Waterford,15,December,2008,City
Cork,104,January,2009,City
Dublin,150,January,2009,City
Galway,37,January,2009,City
Limerick,13,January,2009,City
Waterford,24,January,2009,City
Cork,64,February,2009,City
Dublin,370,February,2009,City
Galway,8,February,2009,City
Limerick,10,February,2009,City
Waterford,15,February,2009,City
Cork,50,March,2009,City
Dublin,136,March,2009,City
Galway,7,March,2009,City
Limerick,15,March,2009,City
Waterford,21,March,2009,City
Cork,77,April,2009,City
Dublin,299,April,2009,City
Galway,13,April,2009,City
Limerick,15,April,2009,City
Waterford,11,April,2009,City
Cork,72,May,2009,City
Dublin,118,May,2009,City
Galway,29,May,2009,City
Limerick,3,May,2009,City
Waterford,20,May,2009,City
Cork,31,June,2009,City
Dublin,168,June,2009,City
Galway,27,June,2009,City
Limerick,4,June,2009,City
Waterford,12,June,2009,City
Cork,75,July,2009,City
Dublin,220,July,2009,City
Galway,19,July,2009,City
Limerick,3,July,2009,City
Waterford,12,July,2009,City
Cork,11,August,2009,City
Dublin,296,August,2009,City
Galway,2,August,2009,City
Limerick,0,August,2009,City
Waterford,4,August,2009,City
Cork,95,September,2009,City
Dublin,113,September,2009,City
Galway,27,September,2009,City
Limerick,11,September,2009,City
Waterford,18,September,2009,City
Cork,30,October,2009,City
Dublin,260,October,2009,City
Galway,5,October,2009,City
Limerick,1,October,2009,City
Waterford,2,October,2009,City
Cork,21,November,2009,City
Dublin,136,November,2009,City
Galway,19,November,2009,City
Limerick,6,November,2009,City
Waterford,7,November,2009,City
Cork,36,December,2009,City
Dublin,129,December,2009,City
Galway,6,December,2009,City
Limerick,12,December,2009,City
Waterford,0,December,2009,City
Cork,19,January,2010,City
Dublin,119,January,2010,City
Galway,5,January,2010,City
Limerick,2,January,2010,City
Waterford,3,January,2010,City
Cork,8,February,2010,City
Dublin,113,February,2010,City
Galway,5,February,2010,City
Limerick,3,February,2010,City
Waterford,4,February,2010,City
Cork,4,March,2010,City
Dublin,80,March,2010,City
Galway,4,March,2010,City
Limerick,2,March,2010,City
Waterford,2,March,2010,City
Cork,15,April,2010,City
Dublin,56,April,2010,City
Galway,2,April,2010,City
Limerick,2,April,2010,City
Waterford,1,April,2010,City
Cork,21,May,2010,City
Dublin,74,May,2010,City
Galway,7,May,2010,City
Limerick,2,May,2010,City
Waterford,3,May,2010,City
Cork,32,June,2010,City
Dublin,56,June,2010,City
Galway,10,June,2010,City
Limerick,7,June,2010,City
Waterford,4,June,2010,City
Cork,15,July,2010,City
Dublin,55,July,2010,City
Galway,6,July,2010,City
Limerick,10,July,2010,City
Waterford,1,July,2010,City
Cork,26,August,2010,City
Dublin,25,August,2010,City
Galway,4,August,2010,City
Limerick,1,August,2010,City
Waterford,11,August,2010,City
Cork,14,September,2010,City
Dublin,59,September,2010,City
Galway,10,September,2010,City
Limerick,9,September,2010,City
Waterford,2,September,2010,City
Cork,24,October,2010,City
Dublin,68,October,2010,City
Galway,2,October,2010,City
Limerick,2,October,2010,City
Waterford,40,October,2010,City
Cork,25,November,2010,City
Dublin,151,November,2010,City
Galway,11,November,2010,City
Limerick,2,November,2010,City
Waterford,33,November,2010,City
Cork,39,December,2010,City
Dublin,55,December,2010,City
Galway,11,December,2010,City
Limerick,2,December,2010,City
Waterford,6,December,2010,City
Cork,2.0,January,2011,City
Dublin,82.0,January,2011,City
Galway,11.0,January,2011,City
Limerick,0.0,January,2011,City
Waterford,41.0,January,2011,City
Cork,15.0,February,2011,City
Dublin,32.0,February,2011,City
Galway,12.0,February,2011,City
Limerick,2.0,February,2011,City
Waterford,5.0,February,2011,City
Cork,12,March,2011,City
Dublin,60,March,2011,City
Galway,6,March,2011,City
Limerick,4,March,2011,City
Waterford,10,March,2011,City
Cork,14.0,April,2011,City
Dublin,47.0,April,2011,City
Galway,10.0,April,2011,City
Limerick,3.0,April,2011,City
Waterford,2.0,April,2011,City
Cork,10.0,May,2011,City
Dublin,75.0,May,2011,City
Galway,5.0,May,2011,City
Limerick,1.0,May,2011,City
Waterford,6.0,May,2011,City
Cork,5.0,June,2011,City
Dublin,46.0,June,2011,City
Galway,6.0,June,2011,City
Limerick,0.0,June,2011,City
Waterford,2.0,June,2011,City
Cork,24.0,July,2011,City
Dublin,25.0,July,2011,City
Galway,1.0,July,2011,City
Limerick,11.0,July,2011,City
Waterford,3.0,July,2011,City
Cork,12.0,August,2011,City
Dublin,21.0,August,2011,City
Galway,0.0,August,2011,City
Limerick,10.0,August,2011,City
Waterford,3.0,August,2011,City
Cork,5,September,2011,City
Dublin,23,September,2011,City
Galway,8,September,2011,City
Limerick,5,September,2011,City
Waterford,5,September,2011,City
Cork,14.0,October,2011,City
Dublin,46.0,October,2011,City
Galway,1.0,October,2011,City
Limerick,1.0,October,2011,City
Waterford,4.0,October,2011,City
Cork,9.0,November,2011,City
Dublin,48.0,November,2011,City
Galway,6.0,November,2011,City
Limerick,3.0,November,2011,City
Waterford,1.0,November,2011,City
Cork,5.0,December,2011,City
Dublin,52.0,December,2011,City
Galway,6.0,December,2011,City
Limerick,3.0,December,2011,City
Waterford,2.0,December,2011,City
Cork,5.0,January,2012,City
Dublin,53.0,January,2012,City
Galway,1.0,January,2012,City
Limerick,1.0,January,2012,City
Waterford,6.0,January,2012,City
Cork,13.0,February,2012,City
Dublin,15.0,February,2012,City
Galway,0.0,February,2012,City
Limerick,0.0,February,2012,City
Waterford,2.0,February,2012,City
Cork,11.0,March,2012,City
Dublin,47.0,March,2012,City
Galway,2.0,March,2012,City
Limerick,1.0,March,2012,City
Waterford,7.0,March,2012,City
Cork,14.0,April,2012,City
Dublin,24.0,April,2012,City
Galway,3.0,April,2012,City
Limerick,3.0,April,2012,City
Waterford,4.0,April,2012,City
Cork,43.0,May,2012,City
Dublin,48.0,May,2012,City
Galway,2.0,May,2012,City
Limerick,13.0,May,2012,City
Waterford,3.0,May,2012,City
Cork,19.0,June,2012,City
Dublin,16.0,June,2012,City
Galway,3.0,June,2012,City
Limerick,1.0,June,2012,City
Waterford,3.0,June,2012,City
Cork,31.0,July,2012,City
Dublin,31.0,July,2012,City
Galway,7.0,July,2012,City
Limerick,2.0,July,2012,City
Waterford,1.0,July,2012,City
Cork,49.0,August,2012,City
Dublin,80.0,August,2012,City
Galway,4.0,August,2012,City
Limerick,13.0,August,2012,City
Waterford,8.0,August,2012,City
Cork,24.0,September,2012,City
Dublin,38.0,September,2012,City
Galway,1.0,September,2012,City
Limerick,6.0,September,2012,City
Waterford,3.0,September,2012,City
Cork,11.0,October,2012,City
Dublin,31.0,October,2012,City
Galway,3.0,October,2012,City
Limerick,34.0,October,2012,City
Waterford,6.0,October,2012,City
Cork,18.0,November,2012,City
Dublin,71.0,November,2012,City
Galway,2.0,November,2012,City
Limerick,9.0,November,2012,City
Waterford,4.0,November,2012,City
Cork,10.0,December,2012,City
Dublin,53.0,December,2012,City
Galway,4.0,December,2012,City
Limerick,16.0,December,2012,City
Waterford,8.0,December,2012,City
Cork,3.0,January,2013,City
Dublin,34.0,January,2013,City
Galway,6.0,January,2013,City
Limerick,10.0,January,2013,City
Waterford,3.0,January,2013,City
Cork,19.0,February,2013,City
Dublin,47.0,February,2013,City
Galway,3.0,February,2013,City
Limerick,3.0,February,2013,City
Waterford,1.0,February,2013,City
Cork,15.0,March,2013,City
Dublin,26.0,March,2013,City
Galway,3.0,March,2013,City
Limerick,5.0,March,2013,City
Waterford,5.0,March,2013,City
Cork,36.0,April,2013,City
Dublin,40.0,April,2013,City
Galway,5.0,April,2013,City
Limerick,2.0,April,2013,City
Waterford,7.0,April,2013,City
Cork,10.0,May,2013,City
Dublin,19.0,May,2013,City
Galway,27.0,May,2013,City
Limerick,5.0,May,2013,City
Waterford,3.0,May,2013,City
Cork,49.0,June,2013,City
Dublin,106.0,June,2013,City
Galway,3.0,June,2013,City
Limerick,2.0,June,2013,City
Waterford,4.0,June,2013,City
Cork,14.0,July,2013,City
Dublin,50.0,July,2013,City
Galway,7.0,July,2013,City
Limerick,0.0,July,2013,City
Waterford,2.0,July,2013,City
Cork,7.0,August,2013,City
Dublin,34.0,August,2013,City
Galway,3.0,August,2013,City
Limerick,3.0,August,2013,City
Waterford,9.0,August,2013,City
Cork,4.0,September,2013,City
Dublin,28.0,September,2013,City
Galway,2.0,September,2013,City
Limerick,2.0,September,2013,City
Waterford,7.0,September,2013,City
Cork,43.0,October,2013,City
Dublin,38.0,October,2013,City
Galway,1.0,October,2013,City
Limerick,3.0,October,2013,City
Waterford,16.0,October,2013,City
Cork,22.0,November,2013,City
Dublin,34.0,November,2013,City
Galway,8.0,November,2013,City
Limerick,32.0,November,2013,City
Waterford,5.0,November,2013,City
Cork,16.0,December,2013,City
Dublin,46.0,December,2013,City
Galway,15.0,December,2013,City
Limerick,39.0,December,2013,City
Waterford,26.0,December,2013,City
